gtin,name,brand,pack_size,is_organic,banner,is_promo,retailer_category,first_seen_month
1181080563555,conad lenticchie medie 400 g,Conad,400 g,False,DiscountOra,True,ortofrutta legumi e cereali,2025-02
0589722887536,pesca noce bianca  i  aa esp.pd.,,,False,HyperMarket,True,ortofrutta frutta fresca,2025-02
0561074242925,mela  golden melinda calibro 70-75 italia i categoria kg 1.5,,,False,SuperBuy,False,ortofrutta frutta fresca,2025-02
0584614230387,sapori & dintorni conad pera dell'emilia-romagna igp kaiser italia cal. 75/80 900 g,Sapori,900 g,False,CoopNord,False,ortofrutta frutta fresca,2025-02
0537092460387,"conad percorso qualita pere max red barlett cal. 70/75 0,750 kg",Conad,0.75 kg,False,CoopNord,False,ortofrutta frutta fresca,2025-02
0999114839408,percorso qualita mix rosette di broccoletti 400g conad,Percorso,400 g,False,SuperBuy,False,ortofrutta verdure,2025-02
1272915560291,cottin tavola ortaggi grigliati finocchi grigliati 230 g,Cottin,230 g,False,CoopNord,True,ortofrutta verdure,2025-02
0571690479459,conad cpq pesche bianche ct i cl a al kg,Conad,,False,CoopNord,True,ortofrutta frutta fresca,2025-02
0500941880934,f&v pere decana padel.za 70/80 cera la al kg,F&v,,False,CoopNord,False,ortofrutta frutta fresca,2025-02
1241671560809,insalata mista con carote e spinacino 220 g conad,,220 g,False,HyperMarket,False,ortofrutta verdure,2025-02
0599554249059,ciliege i 20+ita bio vs.500g,,500 g,True,HyperMarket,False,ortofrutta frutta fresca,2025-02
0777510702947,conad percorso qualita fragole italia cal. 22mm+ 250 g,Conad,250 g,False,DiscountOra,False,ortofrutta frutta fresca,2025-02
0531002101357,m.cripps pink lady 75/80 800g it.ic,,800 g,False,SuperBuy,False,ortofrutta frutta fresca,2025-02
1318398440048,primia bevanda ananas e mela,Primia,,False,SuperBuy,True,"acqua, bevande, alcolici | succhi di frutta",2025-02
0590583633264,pere decana cat.i cal.85-90 orig.ndl,,,False,SuperBuy,False,ortofrutta frutta fresca,2025-02
1331939120488,hello viva pineapple (fruit drink) 1 ltr,,,False,DiscountOra,True,juices & smoothies,2025-02
0509862225264,pesche percoche cal.a or.it.i cat.,,,False,HyperMarket,False,ortofrutta frutta fresca,2025-02
0543363147123,susina nera zuccherina 35+500g it.i,,500 g,False,SuperBuy,False,ortofrutta frutta fresca,2025-02
1170409888102,fagioli borlotti biologici 300 g verso natura bio conad,,300 g,True,SuperBuy,False,ortofrutta legumi e cereali,2025-02
0587945839984,pesche tabacchiera cal.a it i cat,,,False,SuperBuy,False,ortofrutta frutta fresca,2025-02
0258190636403,semi di zucca decorticati 150g verso natura bio,,150 g,True,HyperMarket,False,ortofrutta frutta e verdure biologiche,2025-02
0930515028332,latt.cappuccia i 150g.ita  rossa,,150 g,False,CoopNord,False,ortofrutta verdure,2025-02
0204033798499,capocollo dolce madeo s.v.,,,False,SuperBuy,False,formaggi e salumi salumi freschi,2025-02
0592547634544,pescabivona i  a ita igp cs.1kg,,1 kg,False,SuperBuy,True,ortofrutta frutta fresca,2025-02
0905949349478,f&v indivia liscia ct ii al pz,F&v,,False,CoopNord,False,ortofrutta verdure,2025-02
0233304453491,sapori & dintorni conad spianata piccante 0.90 kg,Sapori,0.9 kg,False,SuperBuy,False,formaggi e salumi salumi confezionati,2025-02
0763413162347,kiwi hayward nuova zelanda cal. 115/125 cat. l zespri,,,False,DiscountOra,False,ortofrutta frutta fresca,2025-02
0752954996579,cocomere crimson orig.italia,,,False,HyperMarket,False,ortofrutta frutta fresca,2025-02
0250097820272,prosciutto cotto cubetti conad gr 100 x2,,,False,DiscountOra,False,formaggi e salumi salumi confezionati,2025-02
0520084843888,pesche bianche cal.a cpq ita.i cat,,,False,HyperMarket,True,ortofrutta frutta fresca,2025-02
0947733270883,cicoria tagliata mazzi umbria it.ic,,,False,CoopNord,False,ortofrutta verdure,2025-02
0242947893858,bresaola valt.igp fr.&soffici conad,,,False,SuperBuy,False,formaggi e salumi salumi confezionati,2025-02
0943695237475,cavolfiore orig.italia,,,False,HyperMarket,True,ortofrutta verdure,2025-02
0564834589793,albicocche cal.50+ italia pad.i cat,,,False,SuperBuy,False,ortofrutta frutta fresca,2025-02
0930767188323,cavolini bruxell.370g olanda icat,,370 g,False,SuperBuy,False,ortofrutta verdure,2025-02
0259935660403,"sapori & dintorni conad coppa artigianale 0,130 kg",Sapori,0.13 kg,False,CoopNord,False,formaggi e salumi salumi confezionati,2025-02
0902584310370,broccoletti ct.ii ita gr.500,,,False,HyperMarket,False,ortofrutta verdure,2025-02
0568427715952,pesca tabacchiera b 500g ita.i cat,,500 g,False,SuperBuy,False,ortofrutta frutta fresca,2025-02
0912410276705,asparagi freschissimi italia i categoria gr 250,,,False,DiscountOra,False,ortofrutta verdure,2025-02
0251974996323,citterio la merenda bresaola della valtellina i.g.p. 30 g,Citterio,30 g,False,HyperMarket,False,formaggi e salumi salumi confezionati,2025-02
1348114952566,vitago orange drink,,,False,HyperMarket,True,juices,2025-02
0230124065139,sapori & dintorni conad tagliere toscano 0.120 kg,Sapori,0.12 kg,False,HyperMarket,False,formaggi e salumi salumi confezionati,2025-02
0287431569266,rovagnati i firmati prosciutto crudo stagionato a lungo in collina 95 g,,95 g,False,DiscountOra,False,formaggi e salumi salumi confezionati,2025-02
1145982205286,funghi porcini essicati vaschetta gr 50,,,False,CoopNord,False,ortofrutta verdure,2025-02
1310498332515,conad mix tropicale 250 ml,Conad,250 ml,False,SuperBuy,False,ortofrutta frutta fresca,2025-02
1214981834595,"colfiorito piatto fatto lenticchie, fagioli neri, orzo, farro, grano duro 250 g",Colfiorito,250 g,False,HyperMarket,True,ortofrutta legumi e cereali,2025-02
1296467138403,conad percorso qualita cuore di iceberg 200 g,Conad,200 g,False,SuperBuy,False,ortofrutta verdure,2025-02
0126193887075,coscio d'agnello italiano,,,False,SuperBuy,False,carne ovi-caprina,2025-02
0238054623587,citterio citterino riassunto 60 g,Citterio,60 g,False,SuperBuy,False,formaggi e salumi salumi confezionati,2025-02
0577762864496,pesca noce gialla cat.i cal.a orig.spagna,,,False,HyperMarket,False,ortofrutta frutta fresca,2025-02
0135048790626,braciole miste suino cpq x4,,,False,HyperMarket,False,carne suina,2025-02
1209573191523,conad verso natura veg zuppa toscana 620 g,Conad,620 g,False,CoopNord,True,ortofrutta verdure,2025-02
1282582294370,bonta di stagione riso & verdure carciofi e radicchio 300 g,,300 g,False,HyperMarket,True,ortofrutta verdure,2025-02
0537222487907,conad percorso qualita pere williams rosso italia cal. 70/75 750 g,Conad,750 g,False,HyperMarket,False,ortofrutta frutta fresca,2025-02
0142866662758,fettine di i taglio bovino adulto,,,False,HyperMarket,False,carne bovina,2025-02
0235321913715,"sapori & dintorni conad spianata piccante 0,110 kg",Sapori,0.11 kg,False,HyperMarket,False,formaggi e salumi salumi confezionati,2025-02
0198767325027,conad percorso qualita bocconcini di suino circa 300 g,Conad,300 g,False,SuperBuy,False,carne suina,2025-02
1241648957283,conad verso natura veg passato di verdure 620 g,Conad,620 g,False,HyperMarket,False,ortofrutta verdure,2025-02
0530507185520,pere coscia or.cile 45+ 500g icat,,500 g,False,SuperBuy,False,ortofrutta frutta fresca,2025-02
1226997343859,snack di mais fritto e salato 150 g conad,,150 g,False,CoopNord,False,ortofrutta frutta secca,2025-02
0170130845030,fettine di anteriore bovino adulto per pizzaiola,,,False,SuperBuy,False,carne bovina,2025-02
0121646290288,petto di tacchino a fette sottili al kg take awai,,,False,SuperBuy,False,carne avicunicola,2025-02
0185398818160,percorso qualita spezzatino di vitello conad,Percorso,,False,SuperBuy,False,carne bovina,2025-02
0167315224954,zampini di suino crude al kg,,,False,CoopNord,False,carne suina,2025-02
1597821829484,lindeman gentlemens collection cabernet sauvignon 75cl,,75 cl,False,CoopNord,True,drinks | wine | red wine,2025-02
0709671915883,kiwi zespri green 500g.or.italia ic,,500 g,False,DiscountOra,False,ortofrutta frutta fresca,2025-02
0528256718189,mela granny smith gr.750,,,False,SuperBuy,False,ortofrutta frutta fresca,2025-02
0852610064742,fatina beauty mix snack bellezza e benessere 150 g,,150 g,False,HyperMarket,False,ortofrutta frutta secca,2025-02
1508204433763,casillero del diablo carmenere,,,False,DiscountOra,False,wine,2025-02
0183535576432,percorso qualita bocconcini di suino conad,Percorso,,False,DiscountOra,False,carne suina,2025-02
0144406607987,spuntature di agnello,,,False,CoopNord,False,carne ovi-caprina,2025-02
0165663192422,fettine fracosta di bovino adulto,,,False,SuperBuy,False,carne bovina,2025-02
1336564485744,pfanner peach drink 2l,Pfanner,2 l,False,SuperBuy,False,beverages | juices & ice-teas,2025-02
1502335844716,la canva barbera d'asto docg 750 ml,La,750 ml,False,DiscountOra,False,"acqua, bevande, alcolici | vini",2025-02
0859016343406,"noberasco EUR 0,99 mandorle affettate 40 g",Noberasco,40 g,False,SuperBuy,False,ortofrutta frutta e vegetali secchi,2025-02
1291197139302,finocchio grigliato riverfrut 230g,,230 g,False,CoopNord,True,ortofrutta verdure,2025-02
1572012892217,9 lives merlot,,,False,CoopNord,False,wine,2025-02
0758669414243,conad percorso qualita uva da tavola vittoria italia 2000 g,Conad,2000 g,False,CoopNord,False,ortofrutta frutta fresca,2025-02
1446599948660,tisana a freddo sgonfiante digestiva fragola limone zenzero 18 filtri,,,False,DiscountOra,True,"caffè, tea e zucchero | tea e infusi",2025-02
1536653900915,stemmari 2019 passiata  750ml,,750 ml,False,DiscountOra,False,wine,2025-02
1382412898678,valfrutta a c e juice,Valfrutta,,False,HyperMarket,True,juices,2025-02
1450643713396,teekanne turkish apple x20 tea bags,,,False,CoopNord,True,beverages | coffee & tea,2025-02
0111009611619,"conad percorso qualita petto di pollo a fette 0,400 kg",Conad,0.4 kg,False,HyperMarket,False,carne avicunicola,2025-02
0962383705456,"percorso qualita misto rosette di cavolfiore bianco, viola, arancione, broccoletti  400g conad",Percorso,400 g,False,HyperMarket,False,ortofrutta verdure,2025-02
0548967608163,conad percorso qualita pere red bartlet argentina cal. 65/70 mm 650 g,Conad,650 g,False,HyperMarket,False,ortofrutta frutta fresca,2025-02
1229323885942,vellutata agli asparagi 620 g verso natura conad,,620 g,False,SuperBuy,False,ortofrutta verdure,2025-02
0107815804272,percorso qualita petto di pollo intero conad,Percorso,,False,SuperBuy,False,carne avicunicola,2025-02
0204270632813,mortadella santo villani con pist.,,,False,CoopNord,False,formaggi e salumi salumi freschi,2025-02
0526190129776,prugne gialle,,,False,SuperBuy,False,ortofrutta frutta fresca,2025-02
1437762163557,estathe' estathe zero limone,,,False,HyperMarket,True,"acqua, bevande, alcolici | bevande analcoliche",2025-02
0776993203814,f&v kiwi ct i al kg,F&v,,False,HyperMarket,True,ortofrutta frutta fresca,2025-02
0852788963171,conad farina di mandorle 250 g,Conad,250 g,False,HyperMarket,False,ortofrutta frutta e vegetali secchi,2025-02
0173034459491,carne di bovino adulto fracosta di scottona,,,False,SuperBuy,False,carne bovina,2025-02
1473436027244,lipton yellow label tea deteinato squeezable 38 gr,,38 g,False,DiscountOra,True,"zucchero, caffe', te', infusi | te' e infusi",2025-02
1590593452387,canel spumante gran cuvee extra dry 750 ml,,750 ml,False,HyperMarket,False,"acqua, bevande, alcolici | spumanti e champagne",2025-02
0195068512099,costine di suino,,,False,HyperMarket,False,carne suina,2025-02
1494139188596,tetley redbush & vanilla tea 40 pcs.,,,False,HyperMarket,False,tea,2025-02
1377399699830,vitago apple drink,,,False,DiscountOra,False,juices,2025-02
0117052866914,bistecca di vitello macinata (vitellina),,,False,CoopNord,False,carne bovina,2025-02
1382452392291,cyprina exotic juice 1l,,1 l,False,SuperBuy,False,beverages | juices & ice-teas,2025-02
0934380397154,broccoletti ita 500g(2 teste),,500 g,False,HyperMarket,False,ortofrutta verdure,2025-02
0712405384557,meloni gialli 7/8 frutti ita.icat,,,False,CoopNord,True,ortofrutta frutta fresca,2025-02
1547826725235,santa margherita spa chardonnay doc,,,False,SuperBuy,False,"acqua, bevande, alcolici | vini",2025-02
0471118927728,pompelmi rossi 50/55 s.africa i cat,,,False,CoopNord,False,ortofrutta frutta fresca,2025-02
1595757796449,alasia gavi 750ml,,750 ml,False,DiscountOra,True,wine,2025-02
1295184519538,risotto c/zucch.e zafferano 200g,,200 g,False,SuperBuy,False,ortofrutta verdure,2025-02
0575554782822,f&v nettarine gialle it i b kg 1,F&v,,False,DiscountOra,False,ortofrutta frutta fresca,2025-02
0446117865315,"conad percorso qualita arance moro italia cal. 9 2,5 kg",Conad,2.5 kg,False,SuperBuy,False,ortofrutta frutta fresca,2025-02
0112822245491,"spezzatino bovino adulto ""locale""",,,False,DiscountOra,False,carne bovina,2025-02
0262534213987,citterio sofficette prosciutto crudo 60 g,Citterio,60 g,False,DiscountOra,False,formaggi e salumi salumi confezionati,2025-02
1186037146988,lenticchie grandi 400 g conad,,400 g,False,HyperMarket,False,ortofrutta legumi e cereali,2025-02
1265045813616,passato zucca carote/zenz.bonta di,,,False,SuperBuy,False,ortofrutta verdure,2025-02
0254657462640,pancetta coppata nazionale villani,,,False,HyperMarket,False,formaggi e salumi salumi freschi,2025-02
0900584278371,cavolfiore verde orig.italia,,,False,HyperMarket,False,ortofrutta verdure,2025-02
0574237384547,conad percorso qualita pere abate fetel italia cal. 65/70 850 g,Conad,850 g,False,CoopNord,False,ortofrutta frutta fresca,2025-02
0977112598883,cavolini bruxelles 350g olanda i ct,,350 g,False,CoopNord,False,ortofrutta frutta secca,2025-02
0167729780080,percorso qualita fettine sceltissime di posteriore di vitello conad,Percorso,,False,HyperMarket,False,carne bovina,2025-02
0435290417761,arance valencia  i 4 zaf,,,False,CoopNord,True,ortofrutta frutta fresca,2025-02
0535114442096,percorso qualita pesche bianche italia cal. aa cat. i conad,Percorso,,False,SuperBuy,False,ortofrutta frutta fresca,2025-02
1279157150821,elite low fat tuna in brine @ 50c off 80g,,80 g,False,SuperBuy,False,tins cans & packets,2025-02
1297311381858,bis cavolfiore/broccol.cot.vap.250g,,250 g,False,CoopNord,True,ortofrutta verdure,2025-02
0427005743713,"arance sanguinello italia cal. 8 1,5 kg percorso qualita conad",,1.5 kg,False,CoopNord,False,ortofrutta frutta fresca,2025-02
1504336929123,citra trebbiano d'abbruzzo,,,False,CoopNord,False,wine,2025-02
0533358890354,red delicius melin.70/75 650g it.ic,,650 g,False,SuperBuy,False,ortofrutta frutta fresca,2025-02
1266503199088,patate cotte a vapore 500 g conad,,500 g,False,HyperMarket,False,ortofrutta verdure,2025-02
1012028485488,pom.ciliegino pachino igp 300g it.i,,300 g,False,HyperMarket,False,ortofrutta verdure,2025-02
1562863752561,quinteiro blanco wine 75cl,,75 cl,False,SuperBuy,False,wine cellar | wine,2025-02
1551098836331,kumala chenin blanc 2017 750 ml,,750 ml,False,HyperMarket,False,wine,2025-02
0251149152627,salame piccante tagliere tradizioni,,,False,HyperMarket,False,formaggi e salumi salumi confezionati,2025-02
0845130876771,"conad mix energia uva sultanina, nocciole, noci, mandorle pelate 400 g",Conad,400 g,False,CoopNord,False,ortofrutta frutta secca,2025-02
1483942088820,"the alla pesca 1,5l noi&voi",,1.5 l,False,DiscountOra,True,thè,2025-02
0865300089197,mister nut wellness mix per insalate 125g,,125 g,False,HyperMarket,True,ortofrutta frutta secca,2025-02
0953373300067,cuore di sedano ivi 300g,,300 g,False,CoopNord,False,ortofrutta verdure,2025-02
1093719449456,pomodoro secco 200g it.i cat.x8pz,,200 g,False,DiscountOra,False,ortofrutta verdure,2025-02
0909808726371,cavolfiore almaverde bio gr.800,,,True,SuperBuy,False,ortofrutta frutta e verdure biologiche,2025-02
1028204781428,tondo grappolo cat.i cal.n.cal.orig.olanda,,,False,HyperMarket,False,ortofrutta verdure,2025-02
1213643349366,vellutata zucca e carote con crostini croccanti 365 g verso natura conad,,365 g,False,DiscountOra,False,ortofrutta verdure,2025-02
0803748673894,fatina fitness mix snack energia dalla natura 150 g,,150 g,False,CoopNord,False,ortofrutta frutta secca,2025-02
0846772789860,dragon cranberries,,,False,DiscountOra,True,organic products,2025-02
0185655572336,polpa coscia di bovino adulto,,,False,SuperBuy,False,carne bovina,2025-02
0925627192675,cuore carciofo 4pz cpq 300g ita ict,,300 g,False,SuperBuy,False,ortofrutta verdure,2025-02
1224166226276,dimmidisi le zuppe fresche vellutata di patate e porri 620 g,Dimmidisi,620 g,False,HyperMarket,True,ortofrutta verdure,2025-02
0189161490275,"conad percorso qualita allevato senza uso di antibiotici petto di pollo a fette 0,400 kg",Conad,0.4 kg,False,CoopNord,False,carne avicunicola,2025-02
0146390724451,costolette di agnello,,,False,DiscountOra,False,carne ovi-caprina,2025-02
0542798700387,conad cpq pere abate ct i al kg,Conad,,False,CoopNord,False,ortofrutta frutta fresca,2025-02
0744298846571,"kiwi green light italia cal. 85/100g 0,500 kg verso natura conad",,100 g,True,DiscountOra,False,ortofrutta frutta e verdure biologiche,2025-02
0158739426672,percorso qualita bistecca con osso di bovino adulto conad,Percorso,,False,SuperBuy,False,carne bovina,2025-02
0106740613485,"masina sapore salute controfiletto equino 0,300 kg",,0.3 kg,False,CoopNord,False,carne altre specie,2025-02
0484450308460,limoni foglia cal.3/4 italia i cat.,,,False,CoopNord,False,ortofrutta frutta fresca,2025-02
0541215001697,albicocche i  50/60 ita pd.,,,False,DiscountOra,False,ortofrutta frutta fresca,2025-02
1031730349424,peperoni misti italia cal. 70/90 cat. i,,,False,DiscountOra,False,ortofrutta verdure,2025-02
1141995111795,select i legumi ceci medi 400 g,,400 g,False,SuperBuy,False,ortofrutta legumi e cereali,2025-02
1581781733731,circeo bianco dop,,,False,CoopNord,False,"vini, birra e liquori | vini",2025-02
0820267791734,ventura arachidi 250 g,,250 g,False,SuperBuy,False,ortofrutta frutta secca,2025-02
1477980633459,san benedetto dall the''  pesca 250 ml,San,250 ml,False,HyperMarket,False,soft drinks,2025-02
1568079163250,rosa filari vino rosato frizzante 750 ml,,750 ml,False,SuperBuy,False,"acqua, bevande, alcolici | vini",2025-02
1590594376035,cinzano prosecco dry,,,False,CoopNord,False,wine,2025-02
1446790453345,ahmad calming peppermint & lemon tea bags 20 pcs.,,,False,SuperBuy,False,tea,2025-02
1410415268212,tisana caffe amaretto & vaniglia 15 filtri,,,False,DiscountOra,False,"caffè, tea e zucchero | tea e infusi",2025-02
1544458879344,pietre antiche colli albani bianco doc 750 ml,,750 ml,False,SuperBuy,False,"acqua, bevande, alcolici | vini",2025-02
1331788595316,the berry company superberries purple juice drink 1 ltr,,,False,HyperMarket,False,juices & smoothies,2025-02
1000827153763,cetrioli orig.italia,,,False,HyperMarket,True,ortofrutta verdure,2025-02
1443706750051,clipper detox x20,,,False,CoopNord,False,beverages | coffee & tea,2025-02
0845525004646,fatina snack frutta secca tostata al naturale anacardi 150 g,,150 g,False,HyperMarket,False,ortofrutta frutta secca,2025-02
1028204963171,cetrioli italia cat. i,,,False,HyperMarket,False,ortofrutta verdure,2025-02
0433657987437,mandarini cat.i cal.1-2 orig.italia,,,False,CoopNord,False,ortofrutta frutta fresca,2025-02
1302881255024,pfanner peach nectar 1l,Pfanner,1 l,False,SuperBuy,True,beverages | juices & ice-teas,2025-02
1337346348395,kean orange juice 250 ml,,250 ml,False,SuperBuy,False,juices & smoothies,2025-02
1526819301218,bosca sparkletini strawberry,,,False,DiscountOra,False,wine,2025-02
0521067728240,pere abate fetel cat.i cal.65-70 orig.cile,,,False,SuperBuy,False,ortofrutta frutta fresca,2025-02
0428717890659,clementine foglia 2/3 italia i cat,,,False,HyperMarket,False,ortofrutta frutta fresca,2025-02
0590182424419,conad percorso qualita mele red delicious italia cal. 70/75 1500 g,Conad,1500 g,False,CoopNord,False,ortofrutta frutta fresca,2025-02
0955000740713,iceberg del brasile olanda gr 400 i categoria,,,False,CoopNord,False,ortofrutta verdure,2025-02
1290839582563,conad alette di pollo arrosto 500 g,Conad,500 g,False,CoopNord,True,carne confezionata,2025-02
0277502982002,rosa dell'angelo pancetta nostrana,,,False,HyperMarket,False,formaggi e salumi salumi confezionati,2025-02
0500613758317,mele golden delicious italia cal. 70/75 1500 g percorso qualita conad,,1500 g,False,SuperBuy,True,ortofrutta frutta fresca,2025-02
0118244050785,"agnello in parti ""locale""",,,False,SuperBuy,False,carne ovi-caprina,2025-02
0171159319920,percorso qualita scottadito di vitello conad,Percorso,,False,HyperMarket,False,carne bovina,2025-02
0499664443756,limoni siracusa igp cal. 4/5 cat. i rete 400g,,400 g,False,CoopNord,False,ortofrutta frutta fresca,2025-02
0961312956771,cavolo cappuccio orig.italia,,,False,SuperBuy,False,ortofrutta verdure,2025-02
0216559470963,salame fresco di suino a fette .,,,False,DiscountOra,False,carne suina,2025-02
1313505879155,stute cranberry juice,,,False,SuperBuy,False,juices,2025-02
0513765066530,"""gold.""""i""""75-80 ita vs.750g(melinda)""",,750 g,False,SuperBuy,False,ortofrutta frutta fresca,2025-02
1291427499886,noberasco veg&crock chips croccanti da 2 barbabietole fresche 15 g,Noberasco,15 g,False,CoopNord,False,ortofrutta frutta e vegetali secchi,2025-02
0578740284784,pesche gialle b s.africa i cat,,,False,DiscountOra,True,ortofrutta frutta fresca,2025-02
0323757382003,salsiccia pic. produz.propria,,,False,SuperBuy,True,carne suina,2025-02
1541846801780,tenimenti civa pinot grigio doc,,,False,HyperMarket,True,"acqua, bevande, alcolici | vini",2025-02
0441634112097,arance navellina italia cal. 4 1 kg verso natura bio conad,,1 kg,True,DiscountOra,False,ortofrutta frutta e verdure biologiche,2025-02
0377753745763,citterio sofficette petto di tacchino al forno 80 g,Citterio,80 g,False,DiscountOra,False,formaggi e salumi salumi confezionati,2025-02
0379945056098,bordon corned beef low fat 340 grms,,,False,SuperBuy,False,tins cans & packets,2025-02
0264256937316,deli prosciutto cotto delicato di alta qualita rovagnati,,,False,SuperBuy,False,formaggi e salumi salumi freschi,2025-02
1549058981734,folonari bardolino,,,False,SuperBuy,False,wine,2025-02
0319490172979,3 leaves corned beef light 198g,,198 g,False,CoopNord,False,tins cans & packets,2025-02
1577969361254,fiero aperitivo,,,False,DiscountOra,False,"vini, birra e liquori | liquori",2025-02
0164528971628,lonza di suino a trancio,,,False,SuperBuy,False,carne suina,2025-02
1562849651042,baron darignac rouge 75cl,,75 cl,False,CoopNord,False,drinks | wine | red wine,2025-02
0102747024752,percorso qualita ossobuco di vitello confezionato atm conad,Percorso,,False,HyperMarket,False,carne bovina,2025-02
1577156948336,pirovano nero d'avola igt terre siciliane 75cl,,75 cl,False,CoopNord,False,drinks | wine | red wine,2025-02
0783995654507,kiwi cal.36(80/85)kg.1 cpq.it.i cat,,,False,HyperMarket,False,ortofrutta frutta fresca,2025-02
0137734535533,macinato di suino scelto,,,False,SuperBuy,False,carne suina,2025-02
0983867830627,cavolo cappuccio rosso italia cat. i,,,False,SuperBuy,True,ortofrutta verdure,2025-02
1273854518650,zuppa cavolo nero bio alce nero580g,,580 g,True,SuperBuy,False,ortofrutta verdure,2025-02
0384908134256,poppenburger bock wurst 5pcs 380 grms,,,False,SuperBuy,True,tins cans & packets,2025-02
0368890585459,salsiccia di suino conf risp,,,False,CoopNord,False,carne suina,2025-02
0328788832357,exeter corned beef 30c off 340g,,340 g,False,DiscountOra,False,tins cans & packets,2025-02
0656366750061,mirtilli esp 300g (secchiello),,300 g,False,HyperMarket,True,ortofrutta frutta fresca,2025-02
1579340465767,g.h. mumm cordon rouge 750 ml,,750 ml,False,HyperMarket,True,wine,2025-02
0499247187811,"conad percorso qualita arance tarocco italia cal. 8 2,5 kg",Conad,2.5 kg,False,SuperBuy,False,ortofrutta frutta fresca,2025-02
0807919316846,noberasco frutta selezionata zenzero 250 g,Noberasco,250 g,False,SuperBuy,True,ortofrutta frutta e vegetali secchi,2025-02
1275279361891,colfiorito zuppa d'orzo e legumi 400 g,Colfiorito,400 g,False,DiscountOra,False,ortofrutta legumi e cereali,2025-02
1313757611386,zuegg arancia rossa senza zuccheri aggiunti 1 lt,,1 l,False,SuperBuy,True,"acqua, bevande, alcolici | succhi di frutta",2025-02
0188897907046,filetto di suino,,,False,SuperBuy,False,carne suina,2025-02
0168616337251,conad percorso qualita filetto di petto di pollo 400 g,Conad,400 g,False,DiscountOra,False,carne avicunicola,2025-02
0984381587049,indivia riccia cat.i cal.200 orig.italia/francia,,,False,SuperBuy,False,ortofrutta verdure,2025-02
1508450687075,chateau roquefort bordeaux sauvignon,,,False,DiscountOra,False,wine,2025-02
0569874260339,sapori & idee conad percorso qualita albicocche orange rubis italia cal: 50/55 500 g,Sapori,500 g,False,SuperBuy,True,ortofrutta frutta fresca,2025-02
0793699432053,uva bianca italia cpq.or.italia ict,,,False,DiscountOra,False,ortofrutta frutta fresca,2025-02
0879920067958,ventura bbmix focus 150 g,,150 g,False,SuperBuy,False,ortofrutta frutta e vegetali secchi,2025-02
1568690688354,barbadillo cream sherry,,,False,HyperMarket,True,wine,2025-02
1597431351664,pasqua lettere chardonnay trevenezie igt 75cl,,75 cl,False,DiscountOra,False,drinks | wine | white wine,2025-02
0145751934819,"coniglio nostrano ""agr.pettorossi""",,,False,HyperMarket,False,carne avicunicola,2025-02
1201859816822,vellutata di piselli gr.180 colf.,,,False,SuperBuy,False,ortofrutta verdure,2025-02
1566829961587,sangre de toro rose 75cl,,75 cl,False,DiscountOra,True,drinks | wine | rose wine,2025-02
1232351403882,john west boneless sardines in olive oil 95 grms,,,False,SuperBuy,False,tins cans & packets,2025-02
1069263209840,peperone dolce mix 150g vlf ita.ict,,150 g,False,DiscountOra,False,ortofrutta verdure,2025-02
1365925049449,il canarino sugo d'uva tradizionale 150 g,Il,150 g,False,HyperMarket,False,ortofrutta frutta e vegetali secchi,2025-02
1497263545716,te verde bio 20 filtri,,,True,HyperMarket,False,"caffè, tea e zucchero | tea e infusi",2025-02
0517873544560,pesca noce gialla cat.i cal.a orig.italia,,,False,HyperMarket,False,ortofrutta frutta fresca,2025-02
1277427977584,pedon i pronti cannellini 250 g,,250 g,False,SuperBuy,False,ortofrutta legumi e cereali,2025-02
0661185943917,misto bosco 125 g i cat,,125 g,False,HyperMarket,True,ortofrutta frutta fresca,2025-02
1033466211696,peperoni dolci cornelio italia valfrutta cal. 35/55 vaschetta 500g valfrutta,,500 g,False,HyperMarket,False,ortofrutta verdure,2025-02
0257627050339,citterio la merenda mortadella regina 30 g,Citterio,30 g,False,CoopNord,False,formaggi e salumi salumi confezionati,2025-02
0656712100205,mirtilli italia conad vs.125g,,125 g,False,CoopNord,False,ortofrutta frutta fresca,2025-02
1545927096674,barone di bernaj merlot  750ml,,750 ml,False,CoopNord,False,wine,2025-02
0802172442979,castagne morbide italiane 100g,,100 g,False,HyperMarket,False,ortofrutta frutta fresca,2025-02
1591650822509,mandorla pinot grigio  x,,,False,DiscountOra,False,wine,2025-02
0129006708080,petto di pollo a fette formato convenienza,,,False,SuperBuy,False,carne avicunicola,2025-02
0265824445799,guanciale  stagionato aromatizzato fumagalli,,,False,CoopNord,False,formaggi e salumi salumi stagionati,2025-02
0548625661296,pere carmen cal.60/65 c.ap.ita.i ct,,,False,CoopNord,False,ortofrutta frutta fresca,2025-02
0101540777569,anteriore di capretto,,,False,SuperBuy,True,carne ovi-caprina,2025-02
1326709822842,zuegg skipper arancia 1 lt,,1 l,False,DiscountOra,False,"acqua, bevande, alcolici | succhi di frutta",2025-02
1553905045869,maralba collio ribolla gialla doc,,,False,HyperMarket,False,"vini, birra e liquori | vini",2025-02
1535983698288,palatino sauvignon blanc,,,False,DiscountOra,False,wine,2025-02
0364310567283,salsiccia dolce di bocchigliero,,,False,CoopNord,False,formaggi e salumi salumi freschi,2025-02
0943515935279,/*cavolfiore bianco italia  i categ,,,False,DiscountOra,False,ortofrutta verdure,2025-02
1495868680308,"the infre 23 filtri deteinato classico 34,50g",,34.5 g,False,CoopNord,False,infusi,2025-02
1539852925302,vigne d'or medium dry white wine,,,False,HyperMarket,True,wine,2025-02
0720453134179,conad percorso qualita uva senza semi bicolore 500 g,Conad,500 g,False,DiscountOra,False,ortofrutta frutta fresca,2025-02
1301637036148,the berry company superberries and guarana juice 1 ltr,,,False,DiscountOra,False,juices & smoothies,2025-02
0344300794211,carrefour anchovies paste 60g,Carrefour,60 g,False,SuperBuy,False,tins cans & packets,2025-02
1582064500579,codici appassimento rosso,,,False,CoopNord,False,wine,2025-02
0752362743152,percorso qualita uva red globe italia cat. i conad,Percorso,,False,HyperMarket,False,ortofrutta frutta fresca,2025-02
0182802413926,"filetto di bovino adulto ""locale""",,,False,HyperMarket,False,carne bovina,2025-02
0692241637740,lamponi vasch.gr.125 italia i cat.,,,False,HyperMarket,False,ortofrutta frutta fresca,2025-02
0844200266093,"mandorle, anacardi, uvetta e zenzero 40 g conad",,40 g,False,HyperMarket,False,ortofrutta frutta secca,2025-02
0336834265446,"fileni salsicce con pollo e tacchino 0,400 kg",,0.4 kg,False,SuperBuy,False,carne altre specie,2025-02
0360397185395,salsiccia al finocchio valtiberino,,,False,DiscountOra,False,formaggi e salumi salumi confezionati,2025-02
0275981470067,salame pirolo filzetta salumificio pirolo,,,False,SuperBuy,False,formaggi e salumi salumi stagionati,2025-02
1316913659504,pfanner strawberry juice 30% 1ltr,Pfanner,,False,CoopNord,True,drinks | smoothies & juice drinks | long life juice,2025-02
0439497590627,conad percorso qualita arance navelina italia calibro 9 3 kg,Conad,3 kg,False,SuperBuy,False,ortofrutta frutta fresca,2025-02
1357841265505,ace senza zuccheri aggiunti,,,False,HyperMarket,False,"acqua, bibite e succhi | succhi",2025-02
0130029446512,petto di pollo a fette conad bio,,,True,HyperMarket,False,carne avicunicola,2025-02
0317499469153,"amadori salsicce ricetta classica 0,430 kg",Amadori,0.43 kg,False,CoopNord,False,carne confezionata,2025-02
0871896801123,"conad piacersi mandorle, anacardi, uvetta e zenzero 40 g",Conad,40 g,False,SuperBuy,False,ortofrutta frutta secca,2025-02
0155204599152,percorso qualita fettine di coppa di suino senza osso conad,Percorso,,False,SuperBuy,False,carne suina,2025-02
1095975163747,conad percorso qualita pomodoro cocktail datterino italia cal. 20-30 mm 250 g,Conad,250 g,False,DiscountOra,False,ortofrutta verdure,2025-02
0345382107507,simmenthal carne mediterranea gr.135x2,Simmenthal,,False,CoopNord,False,scatolame carne in gelatina,2025-02
1361023078774,valfrutta frullato proteico mango pesca mandorla 1 lt,Valfrutta,1 l,False,SuperBuy,True,"acqua, bevande, alcolici | succhi di frutta",2025-02
0185881718128,"petto di pollo a fette 0,250 kg allevato senza uso di antibiotici percorso qualita conad",,0.25 kg,False,CoopNord,False,carne avicunicola,2025-02
0440519031393,arance w.navel cat.i cal.3-4 orig.italia,,,False,HyperMarket,True,ortofrutta frutta fresca,2025-02
0146281930595,conad percorso qualita fettine suino (lonza) circa 300 g,Conad,300 g,False,DiscountOra,False,carne suina,2025-02
0157114264162,braciole di vitello .,,,False,HyperMarket,False,carne bovina,2025-02
0945259982691,conad percorso qualita cavolo broccolo 500 g,Conad,500 g,False,CoopNord,False,ortofrutta verdure,2025-02
1393618698610,"rio d'oro fruchtsaft 6 x 0,33 l",Rio,0.33 l,False,HyperMarket,False,saft & nektar,2025-02
1569933328756,tall horse chardonnay,,,False,CoopNord,False,wine,2025-02
1418078054243,coolee ice tea peach 1ltr,,,False,DiscountOra,False,soft drinks,2025-02
1566534519140,damilano moscato d'asti 2021,,,False,DiscountOra,False,wine,2025-02
1007420743536,pomodoro rosso a grappolo,,,False,DiscountOra,True,ortofrutta verdure,2025-02
0625404162413,mirtilli cile 152 g conad,,152 g,False,HyperMarket,False,ortofrutta frutta fresca,2025-02
0101812817762,bocconcini di bovino adulto scottona,,,False,CoopNord,False,carne bovina,2025-02
0258827217267,salame milano 60 g conad,,60 g,False,HyperMarket,False,formaggi e salumi salumi confezionati,2025-02
1563960166755,castelli del duca gutturnio doc 750 ml,,750 ml,False,CoopNord,False,"acqua, bevande, alcolici | vini",2025-02
0997083996770,broccoletti cat. i,,,False,SuperBuy,False,ortofrutta verdure,2025-02
1386625065331,santal dolce di natura multifrutti,,,False,SuperBuy,False,"acqua, bevande, alcolici | succhi di frutta",2025-02
0594519251299,ciliege italia categoria i gr 500,,,False,HyperMarket,False,ortofrutta frutta fresca,2025-02
0293042293107,"sapori & dintorni conad prosciutto di carpegna dop 0,100 kg",Sapori,0.1 kg,False,HyperMarket,False,formaggi e salumi salumi confezionati,2025-02
0336654217587,salsiccia di suino a fette .,,,False,HyperMarket,False,carne suina,2025-02
0913163292019,sedano in busta italia gr 500 x 10 i categoria,,,False,SuperBuy,False,ortofrutta verdure,2025-02
1544438534499,cantina valtidone ortrugo vivace doc 750 ml,,750 ml,False,CoopNord,True,"acqua, bevande, alcolici | vini",2025-02
0628696449389,mirtilli rossi gr 200 la montanara,,,False,HyperMarket,False,ortofrutta frutta secca,2025-02
1210715907946,john west tuna chunks in sunflower oil 145 grms,,,False,SuperBuy,True,tins cans & packets,2025-02
0115258789729,agnello da latte intero/in parti i scelta,,,False,HyperMarket,False,carne ovi-caprina,2025-02
0342355988323,cotoletta pollo conad confx2 220g,,220 g,False,DiscountOra,False,carne avicunicola,2025-02
0245945235824,pancetta cubet.amatriciana negroni,,,False,CoopNord,False,formaggi e salumi salumi confezionati,2025-02
0389149469043,salsicce secche stag.antica maniera,,,False,DiscountOra,False,formaggi e salumi salumi freschi,2025-02
0227149855330,bresaola tagliere delle tradizioni,,,False,HyperMarket,False,formaggi e salumi salumi confezionati,2025-02
1550261848419,casa del arco tinto 75cl,Casa,75 cl,False,DiscountOra,True,drinks | wine | red wine,2025-02
0506101544302,nettarine gialle it i  b kg1,,,False,DiscountOra,False,ortofrutta frutta fresca,2025-02
0184771107425,arrosto di suino,,,False,SuperBuy,False,carne suina,2025-02
0120963245921,"agnello spalla ""locale""",,,False,HyperMarket,False,carne ovi-caprina,2025-02
1445202958451,spar lemon ice tea 1ltr,,,False,HyperMarket,True,drinks | ice tea | ice tea,2025-02
1589119346017,ammasso rosso sicilia,,,False,HyperMarket,False,wine,2025-02
0195991175522,"bistecca c/o bovino adulto""locale""",,,False,SuperBuy,False,carne bovina,2025-02
1526270702958,negroamaro salento igt,,,False,DiscountOra,True,"vini, birra e liquori | vini",2025-02
0128827082096,punta di petto bovino adulto .,,,False,DiscountOra,False,carne bovina,2025-02
0778035205729,angurie italia cat. i,,,False,SuperBuy,False,ortofrutta frutta fresca,2025-02
0584274298224,pesca noce bianca cat.i cal.a orig.spagna,,,False,SuperBuy,False,ortofrutta frutta fresca,2025-02
0821067984739,conad pistacchi 200 g,Conad,200 g,False,HyperMarket,False,ortofrutta frutta secca,2025-02
0195138319728,petto di pollo a fette sottile conad percorso qualita',,,False,DiscountOra,True,carne avicunicola,2025-02
0940349647202,bietola da costa italia cat. i,,,False,CoopNord,False,ortofrutta verdure,2025-02
0509668662640,pesca tabacchiera cal.a 500g it.ict,,500 g,False,CoopNord,False,ortofrutta frutta fresca,2025-02
0172855766384,percorso qualita braciole di suino miste formato convenienza conad,Percorso,,False,CoopNord,False,carne suina,2025-02
1564272990572,las condes cabernet sauvignon rose,,,False,DiscountOra,False,wine,2025-02
1326251789929,innocent plus green wonder green  750 ml,Innocent,750 ml,False,HyperMarket,False,chilled fruit juice & smoothie,2025-02
0501206585699,ciliege cal.28+ cile 3x4 i cat,,,False,DiscountOra,True,ortofrutta frutta fresca,2025-02
1479991887206,"ferrero estathe alla pesca 1,5 lt",Ferrero,1.5 l,False,CoopNord,False,"acqua, bevande, alcolici | bevande analcoliche",2025-02
1014379978608,pomodoro oblungo cat.i cal.47-57 orig.belgio,,,False,CoopNord,True,ortofrutta verdure,2025-02
1208292073836,lattuga romana busta gr 250,,,False,SuperBuy,False,ortofrutta verdure,2025-02
0338464395619,carne di bovino in gelatina 3 x 140 g conad,,140 g,False,CoopNord,False,scatolame carne in gelatina,2025-02
0487622619500,limoni 500g cpq or.sud africa i cat,,500 g,False,CoopNord,False,ortofrutta frutta fresca,2025-02
1320746714736,pfanner bce berry 2l,Pfanner,2 l,False,DiscountOra,False,beverages | juices & ice-teas,2025-02
1382785226352,pfanner multivitamin 1l,Pfanner,1 l,False,HyperMarket,False,beverages | juices & ice-teas,2025-02
1575547097443,caliza chardonnay,,,False,SuperBuy,False,wine,2025-02
0182045288291,coniglio intero,,,False,DiscountOra,False,carne avicunicola,2025-02
1252105889635,conad verso natura bio valeriana biologica 70 g,Conad,70 g,True,CoopNord,False,ortofrutta frutta e verdure biologiche,2025-02
0489174085666,"""pompelmi rossi """"i""""4-5 zaf rt 1kg""",,1 kg,False,SuperBuy,False,ortofrutta frutta fresca,2025-02
1450793763171,carrefour lemon tea,Carrefour,,False,HyperMarket,True,iced tea,2025-02
0975792356193,asparagi verdi cal. 22+ cat. i vassoio 420g,,420 g,False,DiscountOra,True,ortofrutta verdure,2025-02
1213929328233,insalata duetto radicchio  e pan di zucchero gr 250,,,False,SuperBuy,False,ortofrutta verdure,2025-02
0365026947443,salsiccia o salamino di suino martelli(ricetta della rosa),,,False,SuperBuy,False,carne suina,2025-02
0439551509089,arance navel cal.6/7 kg.2 it.i cat.,,7 kg,False,CoopNord,False,ortofrutta frutta fresca,2025-02
0950341074787,conad percorso qualita sedano cuore italia 500 g,Conad,500 g,False,HyperMarket,True,ortofrutta verdure,2025-02
0830606511971,conad verso natura bio mix dinamico biologico 150 g,Conad,150 g,True,CoopNord,True,ortofrutta frutta e verdure biologiche,2025-02
0123255978342,filetto di bovino adulto,,,False,CoopNord,False,carne bovina,2025-02
0398600937843,salsiccia dolce suino prod. propria,,,False,DiscountOra,True,carne suina,2025-02
0963766147682,broccoletti italia gr.500 bio ii ct,,,True,SuperBuy,False,ortofrutta frutta e verdure biologiche,2025-02
0100968548710,filetto di vitello,,,False,HyperMarket,False,carne bovina,2025-02
0998703451507,sedano cuore italia 500 g percorso qualita conad,,500 g,False,SuperBuy,True,ortofrutta verdure,2025-02
0290795651427,citterio tagliofresco il salame di milano l'originale 70 g,Citterio,70 g,False,HyperMarket,False,formaggi e salumi salumi confezionati,2025-02
1598227638116,don simon selection white wine 3ltrs,,,False,CoopNord,False,wine cellar | wine  ,2025-02
0388345939303,gelatina suina,,,False,CoopNord,True,formaggi e salumi salumi freschi,2025-02
0508471197539,conad percorso qualita albicocca orange rubis italia cal: 40/45 2000 g,Conad,2000 g,False,SuperBuy,False,ortofrutta frutta fresca,2025-02
0186204883554,braciola di agnello confezionata,,,False,SuperBuy,False,carne ovi-caprina,2025-02
0618130621030,fragole 300g or.italia i cat,,300 g,False,HyperMarket,False,ortofrutta frutta fresca,2025-02
0121038525537,ali di pollo non separate,,,False,CoopNord,False,carne avicunicola,2025-02
0349751734625,aia wudy suino 100 g,Aia,100 g,False,CoopNord,False,formaggi e salumi salumi confezionati,2025-02
0836993787489,anacardi tostati 40 g,,40 g,False,SuperBuy,False,ortofrutta frutta secca,2025-02
1305605628274,"rio d'oro mehrfruchtdirektsaft 1 l, ananas, orange & mango",Rio,1 l,False,SuperBuy,False,saft & nektar,2025-02
0373302937955,casa modena cotechino 2 fette pronte in 10 minuti 160 g,Casa,160 g,False,SuperBuy,False,formaggi e salumi salumi confezionati,2025-02
0797906207083,kiwi sungold 33(90/95) 500g.it.icat,,500 g,False,CoopNord,False,ortofrutta frutta fresca,2025-02
0768511187309,midi cocomere .,,,False,SuperBuy,False,ortofrutta frutta fresca,2025-02
0550054274419,susina grossa di felisio i 45+ ita,,,False,DiscountOra,False,ortofrutta frutta fresca,2025-02
0467692986977,arance washington navel cal. 7/8 cat. i 2kg,,2 kg,False,SuperBuy,False,ortofrutta frutta fresca,2025-02
0936479959410,radicchio lungo rosso italia 350 g percorso qualita conad,,350 g,False,HyperMarket,False,ortofrutta verdure,2025-02
1326460427888,pfanner apple juice,Pfanner,,False,SuperBuy,False,juices,2025-02
1149395535715,colfiorito fagioli cannellini 400 g,Colfiorito,400 g,False,SuperBuy,False,ortofrutta legumi e cereali,2025-02
0557998486896,pere conference 60+ italia i cat,,,False,SuperBuy,False,ortofrutta frutta fresca,2025-02
0941725501795,cavolo verza nero orig.italia,,,False,HyperMarket,False,ortofrutta verdure,2025-02
0567115230576,pere kaiser 65/70 conad pq italia i categoria,,,False,HyperMarket,False,ortofrutta frutta fresca,2025-02
0106182109036,lonza di suino a fette take away,,,False,SuperBuy,False,carne suina,2025-02
1200358948707,conad percorso qualita lattughino 90 g,Conad,90 g,False,HyperMarket,True,ortofrutta verdure,2025-02
0557198478433,albicocche italia 2kg,,2 kg,False,CoopNord,False,ortofrutta frutta fresca,2025-02
0594492104051,susina nera i 55+ ita,,,False,SuperBuy,False,ortofrutta frutta fresca,2025-02
0218129685090,bresaola d/valtellina igp s&d 100g,,100 g,False,HyperMarket,False,formaggi e salumi salumi confezionati,2025-02
0536509896048,pesche percoche italia cal. a cat. i,,,False,DiscountOra,False,ortofrutta frutta fresca,2025-02
0132523898224,percorso qualita braciola con osso di vitello conad,Percorso,,False,SuperBuy,False,carne bovina,2025-02
0382985605491,salsiccia luganica re cem,,,False,DiscountOra,True,carne suina,2025-02
0391594763619,cem hamburger di vitello,,,False,CoopNord,False,carne bovina,2025-02
1178728802662,fagioli corona 400g conad,,400 g,False,DiscountOra,False,ortofrutta legumi e cereali,2025-02
1519602000737,acquesi piemonte doc rosato,,,False,DiscountOra,False,wine,2025-02
1319760294258,"rio d'oro fruchtsaft 2 l, apfel-kirsch",Rio,2 l,False,CoopNord,False,saft & nektar,2025-02
1500302864743,gavi del comune di gavi granee,,,False,DiscountOra,False,wine,2025-02
0288666795875,coppa tagliere delle tradizioni,,,False,HyperMarket,True,formaggi e salumi salumi confezionati,2025-02
1399208411506,rauch bravo peach juice,Rauch,,False,SuperBuy,True,juices,2025-02
1546063979897,yellow tail cabernet sauvignon,,,False,DiscountOra,False,wine,2025-02
1187444981107,select i legumi lenticchie mignon 400 g,,400 g,False,HyperMarket,False,ortofrutta legumi e cereali,2025-02
0924417995107,cicoria puntarelle italia i cat,,,False,HyperMarket,False,ortofrutta verdure,2025-02
1080265178992,pomodoro ciliegia a grappolo italia 500 g percorso qualita conad,,500 g,False,CoopNord,False,ortofrutta verdure,2025-02
0399899064673,"aia salsicce con tacchino, suino e pollo 0,450 kg",Aia,0.45 kg,False,SuperBuy,True,carne confezionata,2025-02
0170046287987,spalla di agnello confezionata,,,False,CoopNord,False,carne ovi-caprina,2025-02
0356794759523,carne simmenthal gr 140x3,,,False,DiscountOra,True,scatolame carne in gelatina,2025-02
1093073151843,conad percorso qualita peperoni quadrati misti italia cal. 70/90 600 g,Conad,600 g,False,HyperMarket,False,ortofrutta verdure,2025-02
1509463437156,douglas green sauvignon blanc 750 ml,,750 ml,False,SuperBuy,True,wine,2025-02
1597476725107,san crispino vino rosato,San,,False,DiscountOra,False,"acqua, bevande, alcolici | vini",2025-02
0114755680371,spezzatino senza osso di vitello .,,,False,SuperBuy,False,carne bovina,2025-02
1590727101812,tussock jumper prosecco brut rose 75cl,,75 cl,False,CoopNord,False,drinks | wine | champagne & sparkling wine,2025-02
1005488654192,pomodoro cocktail datterino grappolo italia cal. 20-30 mm 250 g percorso qualita conad,,250 g,False,CoopNord,False,ortofrutta verdure,2025-02
0119660609379,costolette di agnello 7/9 kg,,9 kg,False,DiscountOra,False,carne ovi-caprina,2025-02
1285017446242,bonduelle lattughino 60 g,Bonduelle,60 g,False,HyperMarket,False,ortofrutta verdure,2025-02
0455247405665,arance navel sudafrica cal. 4 cat. i,,,False,CoopNord,False,ortofrutta frutta fresca,2025-02
0542756255587,conad percorso qualita pere williams argentina cal. 65/70 650 g,Conad,650 g,False,HyperMarket,False,ortofrutta frutta fresca,2025-02
0273782780272,pancetta artigianale sapori & dintorni,,,False,HyperMarket,False,formaggi e salumi salumi confezionati,2025-02
0896918452078,noberasco i misti bio ritmo 130 g,Noberasco,130 g,True,HyperMarket,False,ortofrutta frutta e vegetali secchi,2025-02
0492211954273,arance valencia  i  esp 6/7 2 kg,,2 kg,False,CoopNord,True,ortofrutta frutta fresca,2025-02
0990815293810,radicchio lungo rosso italia cat. i,,,False,HyperMarket,False,ortofrutta verdure,2025-02
1285334414710,vellutata carciofi verso nat. 620gr,,620 g,False,CoopNord,False,ortofrutta verdure,2025-02
1218684534627,conad percorso qualita spinaci 500 g,Conad,500 g,False,DiscountOra,False,ortofrutta verdure,2025-02
0769684182645,uva bianca s.s.  ii  ita 500g bio,,500 g,True,DiscountOra,True,ortofrutta frutta fresca,2025-02
0308861665123,conad kebab di pollo 350 g,Conad,350 g,False,CoopNord,False,carne confezionata,2025-02
0194379189107,scottadito di vitello,,,False,HyperMarket,False,carne bovina,2025-02
0931191017827,cicoria tagliata pulita italia icat,,,False,SuperBuy,False,ortofrutta verdure,2025-02
0417246436720,percorso qualita arance navel cal. 3 cat. i conad spagna,Percorso,,False,HyperMarket,False,ortofrutta frutta fresca,2025-02
0574712305008,pesca tabacchiera cal.aa spagna i c,,,False,SuperBuy,False,ortofrutta frutta fresca,2025-02
0769651530091,kiwi rosso or.italia 210g 3x4 i ct,,210 g,False,HyperMarket,False,ortofrutta frutta fresca,2025-02
1229735273840,peperone grigliato riverfrut 250g,,250 g,False,CoopNord,True,ortofrutta verdure,2025-02
1512380760419,cabernet sauvignon friuli doc,,,False,DiscountOra,False,"vini, birra e liquori | vini",2025-02
0178090073955,conad verso natura bio petto di pollo biologico a fette circa 270 g,Conad,270 g,True,HyperMarket,True,carne avicunicola,2025-02
1526232108909,mosketto - rosato mostro fermento  x  750ml,,750 ml,False,DiscountOra,False,wine,2025-02
1281468004453,excellence tuna chunks in brine 080 grms,,,False,CoopNord,False,tins cans & packets,2025-02
1133864003942,fagioli rossoni italia 400g,,400 g,False,SuperBuy,False,ortofrutta legumi e cereali,2025-02
0326856388979,simmenthal insalata di pollo piccante 160 g,Simmenthal,160 g,False,DiscountOra,False,scatolame carne senza gelatina,2025-02
0352929802611,salsiccia -50% grassi amadori gr 320,,,False,SuperBuy,False,carne altre specie,2025-02
0519929062768,pere decana italia cal. 70/75 cat. i,,,False,HyperMarket,False,ortofrutta frutta fresca,2025-02
0902360747875,conad percorso qualita radicchio lungo rosso italia 350 g,Conad,350 g,False,HyperMarket,True,ortofrutta verdure,2025-02
0445615941488,pompelmi rossi cat.i cal.4-5 orig.cipro,,,False,SuperBuy,False,ortofrutta frutta fresca,2025-02
0777416179317,uva bianca italia cat.i cal.200 orig.italia,,,False,HyperMarket,False,ortofrutta frutta fresca,2025-02
0427469540451,clementine cat.i cal.2 orig.italia,,,False,SuperBuy,False,ortofrutta frutta fresca,2025-02
1286277775988,tris melanz/zucch/peper.grigl.200g,,200 g,False,HyperMarket,False,ortofrutta verdure,2025-02
0303694957927,gelatina di suino doro gr 300 s/v,,,False,CoopNord,False,carne suina,2025-02
0448065233505,"arance naveline spagna cal. 6 (70-80mm) 1,5 kg percorso qualita conad",,1.5 kg,False,CoopNord,False,ortofrutta frutta fresca,2025-02
1016587264371,"sapori & idee conad percorso qualita pomodoro datterino giallo grappolo italia cat. ""i"" 200 g",Sapori,200 g,False,DiscountOra,True,ortofrutta verdure,2025-02
0563053000051,susina rossa cat.i cal.30+ orig.ita,,,False,HyperMarket,False,ortofrutta frutta fresca,2025-02
1467581932144,primia te' deteinato 30 gr,Primia,30 g,False,CoopNord,False,"zucchero, caffe', te', infusi | te' e infusi",2025-02
1195861587315,select i legumi fagioli cannellini 400 g,,400 g,False,DiscountOra,False,ortofrutta legumi e cereali,2025-02
0598474243169,albicocche i 45-50 esp ct.(aa),,,False,SuperBuy,False,ortofrutta frutta fresca,2025-02
0168862074224,petto di pollo a fette takeaway,,,False,CoopNord,False,carne avicunicola,2025-02
1518748808561,quargentan red wine 1ltr,,,False,SuperBuy,False,drinks | wine | red wine,2025-02
0219733190499,conad piacersi petto di tacchino al forno 100 g,Conad,100 g,False,HyperMarket,True,formaggi e salumi salumi confezionati,2025-02
0596993260912,pesche noci p.gialla cl.a cpq.it.ic,,,False,HyperMarket,True,ortofrutta frutta fresca,2025-02
1592386698605,medinet french white  75cl,,75 cl,False,HyperMarket,False,drinks | wine | white wine,2025-02
1566203311469,medina grenache cabernet rose,,,False,HyperMarket,False,wine,2025-02
0500474281328,pesca bianca cpq cat.i cal.aa orig.italia,,,False,HyperMarket,False,ortofrutta frutta fresca,2025-02
1525251890541,meridiana nexus merlot wine,,,False,DiscountOra,False,wine,2025-02
0343924715873,"aia viennese cotoletta di filetti di pollo 0,300 kg",Aia,0.3 kg,False,DiscountOra,False,carne avicunicola,2025-02
0696299464294,f&v fragole in vaschetta gr.250,F&v,,False,HyperMarket,False,ortofrutta frutta fresca,2025-02
0204394791282,rigamonti bresaola della valtellina i.g.p. punta d'anca 70 g,,70 g,False,HyperMarket,False,formaggi e salumi salumi confezionati,2025-02
1588789614957,marsovin antonin barrel aged,,,False,CoopNord,False,wine,2025-02
1239363510114,bonduelle mix prezioso 80 g,Bonduelle,80 g,False,CoopNord,False,ortofrutta verdure,2025-02
1086384034163,"sapori & idee conad percorso qualita pomodoro costoluto italia cat. ""i"" 400 g",Sapori,400 g,False,HyperMarket,False,ortofrutta verdure,2025-02
0153805018470,fettine di suino cpq x6,,,False,HyperMarket,True,carne suina,2025-02
1406650527604,twinings te pure green 50 filtri,,,False,SuperBuy,False,infusi,2025-02
0815830968688,pistacchi in granella 15 g,,15 g,False,CoopNord,False,ortofrutta frutta secca,2025-02
1034438196589,melanz.tonde vass.700g italia i cat,,700 g,False,HyperMarket,True,ortofrutta verdure,2025-02
0188625862499,coscia a fette agnellone,,,False,HyperMarket,False,carne ovi-caprina,2025-02
0575377300080,prugne gialle cal.a sud afr.3x4 ict,,,False,DiscountOra,False,ortofrutta frutta fresca,2025-02
0238012093808,petto di pollo al forno 100 g piacersi conad,,100 g,False,SuperBuy,False,formaggi e salumi salumi confezionati,2025-02
0565265141101,"mele red delicious val venosta mela alto adige igp cal. 80-85 mm 0,90 kg sapori & dintorni conad",,0.9 kg,False,DiscountOra,True,ortofrutta frutta fresca,2025-02
0419104229985,"arance sanguinello italia cal. 9 2,5 kg percorso qualita conad",,2.5 kg,False,CoopNord,True,ortofrutta frutta fresca,2025-02
1520679663469,mont valentino 2021 merlot,,,False,SuperBuy,False,wine,2025-02
0190242717030,fuselli di pollo,,,False,HyperMarket,False,carne avicunicola,2025-02
0331075336035,conad cotolette con pollo e spinaci 220 g,Conad,220 g,False,CoopNord,False,carne confezionata,2025-02
0689121972589,mirtilli vass.125g i cat,,125 g,False,SuperBuy,False,ortofrutta frutta fresca,2025-02
0399478220391,g.r.salsiccia dolce stag. s/v,,,False,CoopNord,False,formaggi e salumi salumi freschi,2025-02
0103899920227,"conad percorso qualita coniglio in parti 0,450 kg",Conad,0.45 kg,False,CoopNord,False,carne avicunicola,2025-02
0127758670179,carne di bovino adulto spezzato scelto,,,False,SuperBuy,False,carne bovina,2025-02
0300948418403,conad carne di bovino in gelatina 6 x 90 g,Conad,90 g,False,CoopNord,False,scatolame carne in gelatina,2025-02
0181551687024,"petto di pollo a fette 0,400 kg percorso qualita conad",,0.4 kg,False,SuperBuy,True,carne avicunicola,2025-02
0958050518630,f&v indivia riccia ct i al mz,F&v,,False,DiscountOra,True,ortofrutta verdure,2025-02
0552363498864,pesca noce bianca i aa cpq pd.,,,False,SuperBuy,False,ortofrutta frutta fresca,2025-02
0123159361379,coppa con osso di suino a fette .,,,False,DiscountOra,False,carne suina,2025-02
1568735186279,gewurztraminer trentino doc,,,False,DiscountOra,False,"vini, birra e liquori | vini",2025-02
0155465375088,petto di pollo intero a meta,,,False,CoopNord,False,carne avicunicola,2025-02
1598587258734,novo caere,,,False,HyperMarket,False,"vini, birra e liquori | vini",2025-02
1492975044962,"bio tisana curcuma rooibos 41,4g numi",,41.4 g,True,DiscountOra,False,infusi,2025-02
0442478676577,arance navel cpq cal.5 spagna i cat,,,False,SuperBuy,False,ortofrutta frutta fresca,2025-02
0197564386662,fettine di anteriore di bovino adulto,,,False,HyperMarket,False,carne bovina,2025-02
0524366517345,albicocche rubysole gr 500 italia i categoria,,,False,CoopNord,False,ortofrutta frutta fresca,2025-02
1415720231268,dilmah english breakfast te  25pcs.,,,False,DiscountOra,False,tea,2025-02
1440231233396,twining infuse fragola/anguria/limone 10 filtri,,,False,DiscountOra,False,infusi,2025-02
1429228751203,carrefour herbal tea regulates 40g,Carrefour,40 g,False,DiscountOra,True,tea,2025-02
0187859672422,fettine di anteriore reale a fette di bovino adulto,,,False,SuperBuy,False,carne bovina,2025-02
1263058657634,bietola cotta vapore tura 250g,,250 g,False,CoopNord,False,ortofrutta verdure,2025-02
1235514857315,conad snack di riso gusto piccante 60 g,Conad,60 g,False,SuperBuy,False,ortofrutta frutta secca,2025-02
1580532488557,marsovin antonin red & blanc twin pack 75ml,,75 ml,False,CoopNord,False,wine,2025-02
1160314431331,conad fagioli borlotti 400 g,Conad,400 g,False,SuperBuy,False,ortofrutta legumi e cereali,2025-02
0847824529767,ginger a fette orig. cina,,,False,SuperBuy,False,ortofrutta frutta e vegetali secchi,2025-02
1545870549045,5 terre cinque terre doc 750 ml,,750 ml,False,HyperMarket,True,"acqua, bevande, alcolici | vini",2025-02
0573478315376,pesca saturnia s&d gr.500,,,False,SuperBuy,False,ortofrutta frutta fresca,2025-02
0188552200547,carne di bovino adulto controfiletto senza osso,,,False,DiscountOra,False,carne bovina,2025-02
1595722209645,miguel torres hemisferio carmenere 75cl,,75 cl,False,DiscountOra,False,drinks | wine | red wine,2025-02
0533601945443,"conad percorso qualita pere williams italia cal. 70/75 0,750 kg",Conad,0.75 kg,False,SuperBuy,False,ortofrutta frutta fresca,2025-02
1561655389556,tenuta rapitala itempli nero davola 75cl,,75 cl,False,DiscountOra,False,drinks | wine | red wine,2025-02
0495720834915,"conad percorso qualita clementine nadorcott spagna cal. 3 1,5 kg",Conad,1.5 kg,False,CoopNord,False,ortofrutta frutta fresca,2025-02
0981872679267,cicoria cimata italia cat. i,,,False,SuperBuy,False,ortofrutta verdure,2025-02
1219445754221,"mista+finocchio bst.200g""sc.per te""",,200 g,False,SuperBuy,True,ortofrutta verdure,2025-02
0232930871139,conad freschi & convenienti salame golfetta 100 g,Conad,100 g,False,DiscountOra,False,formaggi e salumi salumi confezionati,2025-02
0272334310770,recla speck alto adige igp cubetti 100 g,,100 g,False,DiscountOra,True,formaggi e salumi salumi confezionati,2025-02
0162839279459,conad percorso qualita petto di pollo a fette circa 200 g,Conad,200 g,False,CoopNord,False,carne avicunicola,2025-02
0248035441250,bresaola della valtellina igp punta d'anca sapori & dintorni conad,,,False,HyperMarket,False,formaggi e salumi salumi stagionati,2025-02
0165369595238,fettine sceltissime bovino adulto,,,False,SuperBuy,False,carne bovina,2025-02
0598301862259,sapori & dintorni conad pera dell'emilia-romagna igp kaiser italia cal. 70/75 750 g,Sapori,750 g,False,CoopNord,False,ortofrutta frutta fresca,2025-02
0194637591920,percorso qualita petto di pollo a fette conad,Percorso,,False,DiscountOra,False,carne avicunicola,2025-02
0347760562547,salsiccia suino macinata prod prop,,,False,CoopNord,False,carne suina,2025-02
0146422756710,fettine di coscia vitello,,,False,SuperBuy,True,carne bovina,2025-02
0548541385059,ciliege duroni cal.30+ 400g it.i ct,,400 g,False,DiscountOra,False,ortofrutta frutta fresca,2025-02
0703903821429,uva red globe italia 3x4 i cat.,,,False,DiscountOra,False,ortofrutta frutta fresca,2025-02
0568513674337,albicocche cal.35+ kg.1 italia,,,False,HyperMarket,False,ortofrutta frutta fresca,2025-02
1516579802466,bella modella prosecco doc 75cl,,75 cl,False,DiscountOra,False,drinks | wine | champagne & sparkling wine,2025-02
0542122401133,mele kanzi 75-78 ita vs.750g,,750 g,False,DiscountOra,False,ortofrutta frutta fresca,2025-02
0116459986785,agnello 7/9 kg intero,,9 kg,False,HyperMarket,False,carne ovi-caprina,2025-02
1522093874273,albarino pazo barrantes,,,False,DiscountOra,False,wine,2025-02
1068176254832,pomodoro oblungo verde 700g ita.ict,,700 g,False,SuperBuy,False,ortofrutta verdure,2025-02
1522962261875,sottoriva antica soave 2013 75cl,,75 cl,False,DiscountOra,True,drinks | wine | white wine,2025-02
1288933554019,conad verso natura bio misticanza biologica 80 g,Conad,80 g,True,CoopNord,False,ortofrutta frutta e verdure biologiche,2025-02
0138841362275,"conad percorso qualita bracioline di coniglio 0,350 kg",Conad,0.35 kg,False,HyperMarket,False,carne avicunicola,2025-02
1014809624432,pomodoro cuore di bue cat.i cal.82-102 orig.italia,,,False,HyperMarket,False,ortofrutta verdure,2025-02
0256932462963,sapori & dintorni conad prosciutto di norcia igp 100 g,Sapori,100 g,False,HyperMarket,False,formaggi e salumi salumi confezionati,2025-02
0287520051814,freschi & convenienti prosciutto cotto praga 120 g conad,,120 g,False,DiscountOra,False,formaggi e salumi salumi confezionati,2025-02
0148016430946,bocconcini di petto di pollo,,,False,DiscountOra,False,carne bovina,2025-02
0374617844083,salsiccia finocchio battisti,,,False,DiscountOra,True,carne suina,2025-02
0119860807795,spalla di agnello locale,,,False,DiscountOra,False,carne ovi-caprina,2025-02
0516088839536,pesche gialle  conad pq italia i categoria,,,False,HyperMarket,False,ortofrutta frutta fresca,2025-02
0158694129505,agnello spalla intera .,,,False,HyperMarket,False,carne ovi-caprina,2025-02
0810222296942,noberasco viva la macedonia 200 g,Noberasco,200 g,False,HyperMarket,False,ortofrutta frutta e vegetali secchi,2025-02
1533447224418,blossom hill red 75cl,,75 cl,False,DiscountOra,True,drinks | wine | red wine,2025-02
0239940947811,conad salame milano 200 g,Conad,200 g,False,CoopNord,False,formaggi e salumi salumi stagionati,2025-02
1094936194426,zucchine tonde orig.italia,,,False,HyperMarket,False,ortofrutta verdure,2025-02
0155407114594,bistecca senza osso di bovino adulto,,,False,SuperBuy,False,carne bovina,2025-02
1578025539939,casillero del diablo reserva chardonnay 75cl,,75 cl,False,HyperMarket,False,drinks | wine | white wine,2025-02
0570334119280,"pere abate italia cal. 65/70 0,600 kg verso natura bio conad",,0.6 kg,True,HyperMarket,False,ortofrutta frutta e verdure biologiche,2025-02
0516382474083,"conad verso natura bio nettarine gialle bio cal. b 0,750 kg",Conad,0.75 kg,True,CoopNord,False,ortofrutta frutta fresca,2025-02
0504874767728,pesca gialla cat.i cal.a orig.spagna,,,False,SuperBuy,False,ortofrutta frutta fresca,2025-02
0570191562530,"""golden """"i""""80-85 ita 2,3kg""""melinda""""""",,2.3 kg,False,CoopNord,False,ortofrutta frutta fresca,2025-02
0988028975458,bietola costa italia i cat.,,,False,SuperBuy,False,ortofrutta verdure,2025-02
0980754684259,carciofi violetti vass.italia ii ct,,,False,SuperBuy,False,ortofrutta verdure,2025-02
0700839281003,kiwi verdi italia cal. 122/132 cat. i 500g zespri,,500 g,False,DiscountOra,False,ortofrutta frutta fresca,2025-02
0114173157986,braciola di agnello,,,False,HyperMarket,False,carne ovi-caprina,2025-02
0803311796078,"noberasco EUR 0,99 semi di zucca tostati 50 g",Noberasco,50 g,False,CoopNord,True,ortofrutta frutta e vegetali secchi,2025-02
0111813201763,conad percorso qualita coniglio in parti,Conad,,False,HyperMarket,False,carne avicunicola,2025-02
0457688273260,limoni i cat. italia,,,False,CoopNord,False,ortofrutta frutta fresca,2025-02
0900921254243,carciofo spinoso sardegna dop(2pz),,,False,DiscountOra,False,ortofrutta verdure,2025-02
0198999403888,petto di pollo a fette cpq,,,False,SuperBuy,False,carne avicunicola,2025-02
0115012018019,"conad percorso qualita spallette di coniglio 0,330 kg",Conad,0.33 kg,False,HyperMarket,False,carne avicunicola,2025-02
0196841749089,arrosto di vitello,,,False,SuperBuy,False,carne bovina,2025-02
1324964181616,pfanner bio blueberry juice 500 ml,Pfanner,500 ml,True,SuperBuy,False,juices & smoothies,2025-02
0278171944813,mortadella bologna igp 500 g conad,,500 g,False,DiscountOra,False,formaggi e salumi salumi confezionati,2025-02
0392851733104,preparato a base carne bovino suino,,,False,DiscountOra,False,carne suina,2025-02
1005320499571,sapori & dintorni conad pomodoro camone italia cal. 40-47 300 g,Sapori,300 g,False,HyperMarket,False,ortofrutta verdure,2025-02
1329488891258,"zuegg skipper zero arancia,limone e carota 330 ml",,330 ml,False,DiscountOra,False,"acqua, bevande, alcolici | succhi di frutta",2025-02
0405140651875,"conad percorso qualita arance navelina italia calibro 7 1,5 kg",Conad,1.5 kg,False,DiscountOra,True,ortofrutta frutta fresca,2025-02
1504021924211,sainsbury's house pinot grigio blush 75cl,,75 cl,False,HyperMarket,True,drinks | wine | rose wine,2025-02
0947482884466,radicchio tondo bst gr 350 cpq italia i categoria,,,False,DiscountOra,True,ortofrutta verdure,2025-02
0797744750957,miniangurie rosse italia 40x60 icat,,,False,CoopNord,False,ortofrutta frutta fresca,2025-02
1433006223730,rauch ice tea peach 1 ltr,Rauch,,False,HyperMarket,False,soft drinks,2025-02
1500782663523,corteregia greco di tufo 75cl,,75 cl,False,SuperBuy,False,drinks | wine | white wine,2025-02
0344807692659,simmenthal trippa al sugo 420 g,Simmenthal,420 g,False,SuperBuy,False,scatolame carne senza gelatina,2025-02
0460745973616,pompelmi bianchi cat.i cal.4-5 orig.cipro,,,False,DiscountOra,True,ortofrutta frutta fresca,2025-02
1021793177456,pomodoro pomilio valfrutta italia i categoria gr 500,,,False,CoopNord,True,ortofrutta verdure,2025-02
1254766242162,rio mare insalatissime 5 cereali con forchettina 220 grms,Rio,,False,SuperBuy,False,tins cans & packets,2025-02
1430524525940,te verde zenzero curcuma & moringa 40 filtri,,,False,HyperMarket,False,"caffè, tea e zucchero | tea e infusi",2025-02
0320305211763,"salsiccia con tacchino, pollo e suino conad",,,False,DiscountOra,False,carne confezionata,2025-02
0190896070510,nodini di vitello .,,,False,SuperBuy,False,carne bovina,2025-02
0162216866147,cavallo carpaccio atm 150g,,150 g,False,CoopNord,True,carne altre specie,2025-02
0108517357411,costina di suino per griglia,,,False,HyperMarket,False,carne suina,2025-02
1239174953324,lingua cotta di bovino radice .,,,False,HyperMarket,False,formaggi e salumi salumi freschi,2025-02
1058726590320,pomodoro torpedino verde  italia i categoria gr 400,,,False,DiscountOra,False,ortofrutta verdure,2025-02
0264849500531,sapori & dintorni conad speck alto adige igp,Sapori,,False,CoopNord,False,formaggi e salumi salumi freschi,2025-02
1501623727458,belvedere grignolino piemonte doc,,,False,DiscountOra,True,"acqua, bevande, alcolici | vini",2025-02
1593972615543,winemaker select shiraz  75cl,,75 cl,False,CoopNord,False,drinks | wine | red wine,2025-02
0207780403571,sapori & dintorni conad strolghino 0.090 kg,Sapori,0.09 kg,False,DiscountOra,False,formaggi e salumi salumi confezionati,2025-02
0953351684451,cavolfiore vassoio gr 800 bio italia ii categoria,,,True,DiscountOra,False,ortofrutta frutta e verdure biologiche,2025-02
0487666239344,pompelmi rossi cat.i cal.4-5 orig.turchia,,,False,CoopNord,True,ortofrutta frutta fresca,2025-02
0138910349427,spalla di agnello con carre',,,False,CoopNord,False,carne ovi-caprina,2025-02
0532784225377,albicocche rubysole 500g ita.i cat,,500 g,False,SuperBuy,False,ortofrutta frutta fresca,2025-02
1598476667234,barton & guestier malbec 750ml,,750 ml,False,HyperMarket,False,wine,2025-02
0854335971379,3 leaves pineapple in light syrup sliced 565 grms,,,False,SuperBuy,False,tins cans & packets,2025-02
0230643866224,prosciutto cotto san giovanni capitelli,,,False,DiscountOra,False,formaggi e salumi salumi freschi,2025-02
0204674609523,salame milano take away,,,False,DiscountOra,False,formaggi e salumi salumi confezionati,2025-02
1359672721001,insal'arte smile mango 250 ml,,250 ml,False,SuperBuy,False,ortofrutta frutta fresca,2025-02
1478664813940,teekanne spanish orange flav. tea x20,,,False,SuperBuy,False,"food cupboard groceries | tea | fruit, herbal, oganic tea & camomile",2025-02
1303566827890,rauch happy day banana juice,Rauch,,False,SuperBuy,False,juices,2025-02
1256128850290,rio mare tuna fillets with lemon & ginger 130 grms,Rio,,False,HyperMarket,False,tins cans & packets,2025-02
0128963141475,conad tagliata di petti di pollo 350 g,Conad,350 g,False,SuperBuy,False,carne confezionata,2025-02
1057418337894,f&v pomodoro datterino ct i al kg,F&v,,False,HyperMarket,True,ortofrutta verdure,2025-02
0320001914228,teneroni di prosciutto cotto gr.150,,,False,DiscountOra,False,formaggi e salumi salumi freschi,2025-02
1564881055598,notte rossa primitivo rosato igp,,,False,DiscountOra,True,"acqua, bevande, alcolici | vini",2025-02
0234700130147,coppa 110 g sapori & dintorni conad,,110 g,False,DiscountOra,False,formaggi e salumi salumi confezionati,2025-02
0193436764003,coniglio nazionale intero al kg,,,False,SuperBuy,False,carne avicunicola,2025-02
0551961229667,ciliege provenienza italia i categoria,,,False,HyperMarket,False,ortofrutta frutta fresca,2025-02
1566178569328,pleomax sherry pepe sherry,,,False,DiscountOra,True,wine,2025-02
0907740528755,spinaci italia cat. i,,,False,DiscountOra,False,ortofrutta verdure,2025-02
0363210213219,conad carne di bovino in gelatina 3 x 140 g,Conad,140 g,False,DiscountOra,False,scatolame carne in gelatina,2025-02
1359380894067,santal (ab) orange juice 100% 1ltr,,,False,SuperBuy,True,juices & smoothies,2025-02
0121713487206,fettine di fesa bovino adulto,,,False,HyperMarket,False,carne bovina,2025-02
0594097524579,"conad percorso qualita mele morgenduft italia cal. 75/80 2,00 kg",Conad,2 kg,False,CoopNord,False,ortofrutta frutta fresca,2025-02
0202427449715,sapori & dintorni conad prosciutto di norcia igp 120 g,Sapori,120 g,False,DiscountOra,False,formaggi e salumi salumi confezionati,2025-02
0529119336038,f&v nettarine cl b al kg,F&v,,False,SuperBuy,False,ortofrutta frutta fresca,2025-02
0433119185260,limoni sorrento igp italia i cat,,,False,DiscountOra,False,ortofrutta frutta fresca,2025-02
0598271757683,susina rossa  i 55+ ita,,,False,DiscountOra,False,ortofrutta frutta fresca,2025-02
1262229067371,knorr soup crema con piselli / peas 97 grms,,,False,CoopNord,False,tins cans & packets,2025-02
0120473574768,percorso qualita filetto di vitello conad,Percorso,,False,SuperBuy,False,carne bovina,2025-02
0571568176674,"""fuji""""i"""" 75-80 ita cpq vs.750g""",,750 g,False,CoopNord,False,ortofrutta frutta fresca,2025-02
1281991241069,melanzane al forno tura 200g,,200 g,False,SuperBuy,False,ortofrutta verdure,2025-02
0518335551599,opera pera abate 90 g,,90 g,False,CoopNord,False,ortofrutta frutta fresca,2025-02
0759269439093,uva bianca s/semi 500g sud africa,,500 g,False,DiscountOra,False,ortofrutta frutta fresca,2025-02
1262018642548,trippa cotta ba conf.da gr.500 x 6,,,False,CoopNord,False,carne bovina,2025-02
1504654138978,b&g vouvray passeport label 75cl,,75 cl,False,CoopNord,False,drinks | wine | white wine,2025-02
1598917329267,santagostino rosso firriato 75cl,,75 cl,False,DiscountOra,True,drinks | wine | red wine,2025-02
0515709951073,albicocche i  45-55 ita,,,False,HyperMarket,False,ortofrutta frutta fresca,2025-02
0908006524771,conad percorso qualita cavolo broccolo italia 500 g,Conad,500 g,False,SuperBuy,False,ortofrutta verdure,2025-02
0134166031728,petto di pollo a fette famiglia conad percorso qualita,,,False,HyperMarket,False,carne avicunicola,2025-02
0182660108129,agnello di sardegna igp in parti,,,False,DiscountOra,False,carne ovi-caprina,2025-02
0532462762339,cilieg.vignola i 26-28 ita igp 500g,,500 g,False,DiscountOra,False,ortofrutta frutta fresca,2025-02
0465135513964,limoni primofiore  i 3 esp ct.,,,False,SuperBuy,False,ortofrutta frutta fresca,2025-02
0302730390132,trippa simmenthal 420g,,420 g,False,SuperBuy,True,scatolame carne senza gelatina,2025-02
0579920950640,pesca bianca saturnia cat.i cal.aa orig.italia,,,False,SuperBuy,False,ortofrutta frutta fresca,2025-02
0115282608493,macinato di suino cpq atm 350g,,350 g,False,DiscountOra,False,carne suina,2025-02
0186156775267,coniglio cosce .,,,False,CoopNord,False,carne avicunicola,2025-02
0316487453793,alette di pollo,,,False,SuperBuy,False,carne avicunicola,2025-02
1476025988980,twinings te english breakfast classico 50 filtri,,,False,CoopNord,False,infusi,2025-02
0513315026288,pesche nettarine gialle italia cal. c cat. i,,,False,SuperBuy,True,ortofrutta frutta fresca,2025-02
0569089705328,pere williams cat.i cal.70-75 orig.italia,,,False,CoopNord,False,ortofrutta frutta fresca,2025-02
1439178346860,lipton balance green tea bags 25 pcs.,,,False,HyperMarket,False,tea,2025-02
1231130089827,calvo mexican tuna salad @ EUR3.49 2x150g,,150 g,False,SuperBuy,True,tins cans & packets,2025-02
1358407872362,jolly pear juice x6 x125ml,,125 ml,False,CoopNord,False,drinks | smoothies & juice drinks | long life juice,2025-02
0350727510387,salsiccia di suino prod.propria,,,False,CoopNord,False,carne suina,2025-02
0261061863539,speck stick 2 x 50 g conad,,50 g,False,HyperMarket,False,formaggi e salumi salumi confezionati,2025-02
1037074609766,f&v pomodoro rosso grap. it cti nc al kg,F&v,,False,HyperMarket,True,ortofrutta verdure,2025-02
1360045813353,innocent apple & raspberry 330 ml,Innocent,330 ml,False,DiscountOra,False,chilled fruit juice & smoothie,2025-02
0533592522096,pesca tabacchiera cal.a italia icat,,,False,HyperMarket,False,ortofrutta frutta fresca,2025-02
0717008717667,"conad verso natura bio kiwi hayward cile cal. 85/100g 0,500 kg",Conad,100 g,True,DiscountOra,True,ortofrutta frutta e verdure biologiche,2025-02
0119784577392,pancia di agnello sv x 08 pz.,,,False,SuperBuy,False,carne ovi-caprina,2025-02
0118436978531,costine spuntature di suino,,,False,HyperMarket,False,carne suina,2025-02
1577406452083,santa rita 120 cabernet sauvignon reserva 75cl,,75 cl,False,CoopNord,True,drinks | wine | red wine,2025-02
0112128094051,cosciotto pollo confezione 700 gr,,700 g,False,SuperBuy,True,carne avicunicola,2025-02
0139450476916,tartare vitello fiorani skin 210g,,210 g,False,SuperBuy,False,carne bovina,2025-02
1303617475955,"succo di mango, arancia, banana e frutto della passione da 0,25 l conad",,0.25 l,False,DiscountOra,False,ortofrutta verdure,2025-02
1579700234599,gato negro sweet moscato 75cl,,75 cl,False,DiscountOra,False,drinks | wine | dessert wine,2025-02
0513048578403,ciliege duroni c.26+ita ces.ap.i ct,,,False,SuperBuy,False,ortofrutta frutta fresca,2025-02
1278938894706,radicchio e valeriana 150 g percorso qualita conad,,150 g,False,HyperMarket,False,ortofrutta verdure,2025-02
0567497362800,pesche gialle  italia i categoria,,,False,HyperMarket,False,ortofrutta frutta fresca,2025-02
1302661943666,rio d'oro orangensaft 1 l,Rio,1 l,False,SuperBuy,True,saft & nektar,2025-02
0309049414003,salsiccia curva dolce madeo,,,False,CoopNord,True,formaggi e salumi salumi confezionati,2025-02
0193990295408,polpa di spalla vitello .,,,False,SuperBuy,False,carne bovina,2025-02
0367957084003,conad bocconcini panati con pollo 300 g,Conad,300 g,False,CoopNord,False,carne confezionata,2025-02
1291230170986,john west tuna chunks in sunflower oil 145g,,145 g,False,CoopNord,False,tins cans & packets,2025-02
0142389151073,"amadori tagliata di petto di pollo 0,280 kg",Amadori,0.28 kg,False,SuperBuy,False,carne confezionata,2025-02
0218319845731,casa modena liberamente tacchino arrosto 110 g,Casa,110 g,False,HyperMarket,True,formaggi e salumi salumi confezionati,2025-02
1275555024738,bonduelle carta delle insalate ricetta deliziosa 90 g,Bonduelle,90 g,False,DiscountOra,True,ortofrutta verdure,2025-02
1566525267824,poderi dal nespoli rubicone sangioves merlot,,,False,SuperBuy,False,wine,2025-02
1316864085363,succo myanatura mango/passion 500ml,,500 ml,False,HyperMarket,True,ortofrutta frutta fresca,2025-02
0183367597421,muscolo di vitello,,,False,SuperBuy,False,carne bovina,2025-02
0118531795299,capra,,,False,SuperBuy,True,carne ovi-caprina,2025-02
0871255042657,arachidi tostate e salate 300 g conad,,300 g,False,CoopNord,False,ortofrutta frutta secca,2025-02
1578681030755,"chiarli lambrusco amabile di modena dop 1,5 lt",,1.5 l,False,CoopNord,False,"acqua, bevande, alcolici | vini",2025-02
1101192968563,sapori & dintorni conad fave pugliesi 300 g,Sapori,300 g,False,SuperBuy,False,ortofrutta legumi e cereali,2025-02
0955748944227,cavolfiore bianco conad pq it.i cat,,,False,HyperMarket,False,ortofrutta verdure,2025-02
0387801581939,salsiccia napoli forte sv franchi,,,False,DiscountOra,True,formaggi e salumi salumi confezionati,2025-02
0185439525229,"masina sapore salute fettine sceltissime equino 0,280 kg",,0.28 kg,False,DiscountOra,False,carne altre specie,2025-02
1158155411299,conad verso natura bio ceci biologici 300 g,Conad,300 g,True,DiscountOra,False,ortofrutta legumi e cereali,2025-02
1491513421172,tetley one cup teabag 440pcs.,,,False,CoopNord,True,tea,2025-02
0394457864035,conad mini cotechino 300 g,Conad,300 g,False,DiscountOra,False,formaggi e salumi salumi freschi,2025-02
0141997467491,conad percorso qualita spalla di coniglio circa 300 g,Conad,300 g,False,SuperBuy,False,carne avicunicola,2025-02
1561947598691,colleantico  campania greco i. g . t 750 ml,,750 ml,False,HyperMarket,False,wine,2025-02
1353764330355,skipper mirtillo mix,,,False,SuperBuy,False,"acqua, bevande, alcolici | succhi di frutta",2025-02
1537803751778,barbadillo cream sherry  75cl,,75 cl,False,DiscountOra,True,drinks | wine | red wine,2025-02
1557024022899,santero 958 bellini + cup,,,False,CoopNord,True,wine,2025-02
0523372918128,pesche nettarine gialle italia cal. aa cat. i,,,False,SuperBuy,False,ortofrutta frutta fresca,2025-02
0250712964963,conad freschi & convenienti bresaola della valtellina i.g.p. 90 g,Conad,90 g,False,DiscountOra,False,formaggi e salumi salumi confezionati,2025-02
0409937935459,clementine foglia 2/3 calabria it.i,,,False,SuperBuy,False,ortofrutta frutta fresca,2025-02
0206934419824,pancetta cub.dolce beretta gr.75 x2,,,False,HyperMarket,True,formaggi e salumi salumi confezionati,2025-02
0206455917168,prosc.cotto a.q.m.doro riva 120g,,120 g,False,HyperMarket,True,formaggi e salumi salumi confezionati,2025-02
0557368450416,pesche gialle cat.i cal.aa orig.italia,,,False,SuperBuy,False,ortofrutta frutta fresca,2025-02
0433820608877,mandarini senza semi cat.i cal.1 orig.spagna,,,False,CoopNord,False,ortofrutta frutta fresca,2025-02
0582951267942,f&v pesca bianca di bivona cl a al kg,F&v,,False,SuperBuy,False,ortofrutta frutta fresca,2025-02
0789150003565,mix uva orig.varia,,,False,CoopNord,False,ortofrutta frutta e vegetali secchi,2025-02
0911257320034,broccoletti rapi umbria it.i cat.,,,False,SuperBuy,False,ortofrutta verdure,2025-02
1366492679785,innocent apple juice 1.35 ltr,Innocent,,False,SuperBuy,True,chilled fruit juice & smoothie,2025-02
1170549008227,conad verso natura bio fagioli borlotti biologici 300 g,Conad,300 g,True,SuperBuy,False,ortofrutta legumi e cereali,2025-02
1227042730339,carrefour extra tuna fillets in olive oil  200g,Carrefour,200 g,False,CoopNord,False,tins cans & packets,2025-02
1578802641520,prosecco asolo superiore extra brut docg,,,False,CoopNord,False,"vini, birra e liquori | spumanti e champagne",2025-02
0256937078637,mortadella tagliere d/tradizioni,,,False,CoopNord,False,formaggi e salumi salumi confezionati,2025-02
0905889216355,conad percorso qualita cuori di carciofo moretto italia 300 g,Conad,300 g,False,DiscountOra,False,ortofrutta verdure,2025-02
0277924778355,salame napoli franchi,,,False,HyperMarket,False,formaggi e salumi salumi freschi,2025-02
0431009892961,arance navel cat.i cal.5 orig.sudafrica,,,False,HyperMarket,True,ortofrutta frutta fresca,2025-02
0762029623659,kiwi cat.i cal.135-145 orig.italia,,,False,DiscountOra,True,ortofrutta frutta fresca,2025-02
0347750709608,hamburger di vitello x4 csx6 cem,,,False,SuperBuy,False,carne bovina,2025-02
0501861629795,"conad percorso qualita mele fuji italia cal. 70/75 2,00 kg",Conad,2 kg,False,DiscountOra,False,ortofrutta frutta fresca,2025-02
0541066439280,prugne nere black s.africa 3x4 ict,,,False,SuperBuy,False,ortofrutta frutta fresca,2025-02
1559617225075,santero prosecco twist extra dry 75cl,,75 cl,False,CoopNord,False,wine cellar | wine,2025-02
0838623737206,ventura bbmix sprint 150 g,,150 g,False,CoopNord,False,ortofrutta frutta e vegetali secchi,2025-02
0194443315555,capretto intero,,,False,SuperBuy,False,carne ovi-caprina,2025-02
0539378031984,pesche gialle cal.aa italia i cat.,,,False,CoopNord,False,ortofrutta frutta fresca,2025-02
1123493238627,colfiorito misto di legumi 400 g,Colfiorito,400 g,False,DiscountOra,False,ortofrutta legumi e cereali,2025-02
0589566003571,sapori & dintorni conad melannurca campana rossa del sud igp italia cal. 65/70 500 g,Sapori,500 g,False,HyperMarket,False,ortofrutta frutta fresca,2025-02
0849940946787,conad anacardi tostati e salati 200 g,Conad,200 g,False,CoopNord,False,ortofrutta frutta secca,2025-02
0149647841138,rolle di vitello,,,False,SuperBuy,False,carne bovina,2025-02
0164566277473,"amadori il campese tagliata di petto di pollo campese 0,300 kg",Amadori,0.3 kg,False,SuperBuy,False,carne avicunicola,2025-02
0435706879075,clementine senza semi cat.i cal.2 orig.italia,,,False,CoopNord,False,ortofrutta frutta fresca,2025-02
1598385658215,garganega muller thurgau igt,,,False,HyperMarket,False,"vini, birra e liquori | vini",2025-02
0749415137643,kiwi hayward italia cal. 85/100 1000 g percorso qualita conad,,1000 g,False,DiscountOra,False,ortofrutta frutta fresca,2025-02
1167737534307,conad lenticchie rosse piccole 400 g,Conad,400 g,False,DiscountOra,False,ortofrutta legumi e cereali,2025-02
0179845129584,petto di pollo sottile,,,False,DiscountOra,False,carne avicunicola,2025-02
1346214830450,"rio d'oro fruchtsaft 2 l, orange",Rio,2 l,False,SuperBuy,False,saft & nektar,2025-02
0279945816419,casa modena gran goloso salame rustico 80 g,Casa,80 g,False,SuperBuy,False,formaggi e salumi salumi confezionati,2025-02
0927555459187,spinaci orig.italia,,,False,DiscountOra,False,ortofrutta verdure,2025-02
0349701605731,carne simmenthal meno sale gr.90 x3,,,False,DiscountOra,False,scatolame carne in gelatina,2025-02
1219527121519,ortoromi radicchio rosso 175 g,,175 g,False,DiscountOra,False,ortofrutta verdure,2025-02
0270357090147,conad prosciutto cotto di alta qualita circa 7 kg,Conad,7 kg,False,HyperMarket,False,formaggi e salumi salumi freschi,2025-02
0490091072097,arance lanelate 3/4 or.italia i cat,,,False,SuperBuy,False,ortofrutta frutta fresca,2025-02
0246504761187,conad salame milano 60 g,Conad,60 g,False,HyperMarket,False,formaggi e salumi salumi confezionati,2025-02
1073315292774,f&v melanzana nera i  categoria,F&v,,False,SuperBuy,False,ortofrutta verdure,2025-02
0234419128163,conad mortadella bologna igp 500 g,Conad,500 g,False,SuperBuy,False,formaggi e salumi salumi confezionati,2025-02
1012546051952,pomodoro datterino nickel free gr 250 italia i categoria,,,False,HyperMarket,False,ortofrutta verdure,2025-02
0155623661933,macinato per ragu' di bovino adulto,,,False,SuperBuy,False,carne bovina,2025-02
1588511777132,la polenza cinque terre doc 750 ml,La,750 ml,False,DiscountOra,False,"acqua, bevande, alcolici | vini",2025-02
0114342241648,percorso qualita macinato di vitello conad,Percorso,,False,SuperBuy,False,carne bovina,2025-02
0723707169131,kiwi i 125-135 nzl vs.500g zespri,,500 g,False,DiscountOra,False,ortofrutta frutta fresca,2025-02
1087283152752,pomodori datterino italia i cat.,,,False,DiscountOra,True,ortofrutta verdure,2025-02
0218411446625,aia aequilibrium fior di mediterraneo petto di tacchino con erbette provenzali 120 g,Aia,120 g,False,HyperMarket,True,formaggi e salumi salumi confezionati,2025-02
0502221145185,albicocche valfrutta vass.gr 600,,,False,HyperMarket,False,ortofrutta frutta fresca,2025-02
0116384913251,cotenna di suino,,,False,HyperMarket,False,carne suina,2025-02
0312046791027,salsiccia picc.fette s.vincenzo 80g,,80 g,False,CoopNord,False,formaggi e salumi salumi confezionati,2025-02
0175564463980,lonza a tranci di suino .,,,False,DiscountOra,False,carne suina,2025-02
0643602024818,ribes rossi cat. i vaschetta 125g conad cile,,125 g,False,HyperMarket,True,ortofrutta frutta fresca,2025-02
1514040701552,principato merlot delle venezie,,,False,DiscountOra,False,wine,2025-02
0262521887075,citterio tagliofresco bresaola della valtellina i.g.p. 70 g,Citterio,70 g,False,CoopNord,False,formaggi e salumi salumi confezionati,2025-02
0570853678448,pesche gialle italia cal. aaa cat. ii,,,False,HyperMarket,False,ortofrutta frutta fresca,2025-02
1466618544492,limone ice tea,,,False,SuperBuy,False,"acqua, bibite e succhi | bibite",2025-02
1560472111719,grand badon la garelle emilion 750ml,,750 ml,False,SuperBuy,True,wine,2025-02
1275951445609,insalata mista piu finocchio gr  200  italia i categoria ortopronto,,,False,CoopNord,False,ortofrutta verdure,2025-02
1249747032422,finocchio julienne ivi 250g,,250 g,False,CoopNord,False,ortofrutta verdure,2025-02
0139433142627,cappello del prete  / bovino adulto,,,False,DiscountOra,False,carne bovina,2025-02
1487109090676,tea green limone,,,False,HyperMarket,False,"caffè, tea e zucchero | tea e infusi",2025-02
1522004713324,louis eschenauer medoc,,,False,CoopNord,False,wine,2025-02
0105019050356,tasca di vitello da farcire .,,,False,HyperMarket,True,carne bovina,2025-02
0842762799469,misto salato 100 g,,100 g,False,DiscountOra,False,ortofrutta frutta secca,2025-02
0792834770549,uva nera cardinal italia 3x4 i cat,,,False,CoopNord,False,ortofrutta frutta fresca,2025-02
1584514046316,la valette wine gift pack,La,,False,SuperBuy,False,wine,2025-02
0324778842467,carne in gelatina conad gr.90 x6,,,False,DiscountOra,False,scatolame carne in gelatina,2025-02
0906270236265,ins.iceberg cpq 400g italia icat,,400 g,False,SuperBuy,False,ortofrutta verdure,2025-02
1012459566448,"percorso qualita pomodoro costoluto italia cat. ""i"" 400 g sapori & idee conad",Percorso,400 g,False,SuperBuy,True,ortofrutta verdure,2025-02
0163585300838,filetto di vitello .,,,False,HyperMarket,False,carne bovina,2025-02
0866734844519,granella di mandorle 40 g,,40 g,False,CoopNord,True,ortofrutta frutta secca,2025-02
0969511387426,"""asparagi v.""""i""""10-16 ita mz.500g""",,500 g,False,SuperBuy,False,ortofrutta verdure,2025-02
0266410821987,citterio sofficette salame di milano l'originale 60 g,Citterio,60 g,False,HyperMarket,False,formaggi e salumi salumi confezionati,2025-02
0209174145392,pancetta a fette di suino,,,False,DiscountOra,True,carne suina,2025-02
1341252060777,innocent tropical defence,Innocent,,False,DiscountOra,True,juices,2025-02
0578874568301,m.fuji melinda 70/75 vas.650g it.ic,,650 g,False,SuperBuy,True,ortofrutta frutta fresca,2025-02
1063054423408,peperoni gialli/rossi italia i cat.,,,False,CoopNord,False,ortofrutta verdure,2025-02
0337957506423,wurstel wuberone di pollo 250g,,250 g,False,DiscountOra,False,formaggi e salumi salumi confezionati,2025-02
0834520518499,"conad mix croccante semi di zucca, semi di girasole, anacardi, noci, mandorle pelate 400 g",Conad,400 g,False,HyperMarket,False,ortofrutta frutta secca,2025-02
0576705755491,ciliege cile cal.jumbo i cat,,,False,DiscountOra,False,ortofrutta frutta fresca,2025-02
0293738910067,sapori & dintorni conad guanciale 100 g,Sapori,100 g,False,CoopNord,False,formaggi e salumi salumi confezionati,2025-02
1508169376099,castelli cielo chardonnay veneto,,,False,SuperBuy,False,wine,2025-02
0591214208368,pere abate cal.65/70 cpq it.i cat.,,,False,DiscountOra,False,ortofrutta frutta fresca,2025-02
0274157812326,fratelli beretta bacon fette pancetta affumicata 100 g,Fratelli,100 g,False,HyperMarket,False,formaggi e salumi salumi confezionati,2025-02
0131976553837,mezzo agnello confezionato,,,False,SuperBuy,False,carne ovi-caprina,2025-02
1530447315319,wine calasole vermentino rocca di montemassi,,,False,DiscountOra,True,wine,2025-02
0181456004963,confezione di macinato scelto bovino adulto italia,,,False,DiscountOra,True,carne bovina,2025-02
1288574439458,"""pomodorata farro lent.""""mutti"""" 550g.""",,550 g,False,CoopNord,False,ortofrutta verdure,2025-02
0779320467827,sapori & dintorni conad uva da tavola mazzarrone igp 1 kg,Sapori,1 kg,False,DiscountOra,False,ortofrutta frutta fresca,2025-02
0994814814563,cavolfiore misto rosette ita 400g,,400 g,False,SuperBuy,False,ortofrutta verdure,2025-02
0513839977840,pesche noci conf kg.1,,,False,CoopNord,False,ortofrutta frutta fresca,2025-02
0112264834913,agnello meta1/4 ant 1/4 post.,,,False,DiscountOra,False,carne ovi-caprina,2025-02
1310500069222,foster clark's lemon drink 30gr,,30 g,False,HyperMarket,False,drinks | squashes | fruit & milk squashes,2025-02
1156637593968,piselli decorticati gr 400,,,False,DiscountOra,False,ortofrutta legumi e cereali,2025-02
0582663547489,abate f. i 60-65 ita cs.1kg.,,1 kg,False,SuperBuy,False,ortofrutta frutta fresca,2025-02
1273814239074,bonduelle cereallegre cous cous delizioso 200 g,Bonduelle,200 g,False,CoopNord,True,ortofrutta verdure,2025-02
0254181415522,bresaola della valtellina i.g.p. 100 g sapori & dintorni conad,,100 g,False,DiscountOra,False,formaggi e salumi salumi confezionati,2025-02
0173458547298,braciole di lombo di suino conf risp,,,False,DiscountOra,False,carne suina,2025-02
0348774315383,wurstel hotdog jensens vv 540g,,540 g,False,DiscountOra,True,scatolame carne senza gelatina,2025-02
1514354428258,balance pinotage shiraz 2013 75cl,,75 cl,False,DiscountOra,False,drinks | wine | red wine,2025-02
0178415161712,pancia di agnello sv,,,False,HyperMarket,False,carne ovi-caprina,2025-02
0138340068710,fettine noce - vitello,,,False,DiscountOra,False,carne bovina,2025-02
0366000220531,sapori & dintorni conad meraner 3 pezzi 220 g,Sapori,220 g,False,DiscountOra,False,formaggi e salumi salumi confezionati,2025-02
1538529852774,feudi 125 primitivo del salento 750 ml,,750 ml,False,SuperBuy,False,wine,2025-02
0416729412193,arance navel ribera cat.i cal.4 orig.italia,,,False,CoopNord,False,ortofrutta frutta fresca,2025-02
0927557573410,"""cuori di cavolo nero""""ita"""" 200g""",,200 g,False,CoopNord,False,ortofrutta verdure,2025-02
0991074477424,puntarelle alla romana bst.200g sab,,200 g,False,SuperBuy,False,ortofrutta verdure,2025-02
0566787477875,sapori & dintorni conad pesche saturnia delle colline marchigiane italia cal. a 500 g,Sapori,500 g,False,CoopNord,False,ortofrutta frutta fresca,2025-02
1314548206957,mela e mirtillo 250 ml conad,,250 ml,False,HyperMarket,False,ortofrutta verdure,2025-02
0390472022369,aia wudy bavaria 250 g,Aia,250 g,False,CoopNord,False,formaggi e salumi salumi confezionati,2025-02
0119631676784,petto di tacchino a bocconcini,,,False,DiscountOra,False,carne confezionata,2025-02
1461964418932,twinings pure green hlan 50g,,50 g,False,HyperMarket,False,beverages | coffee & tea,2025-02
0178634766177,agnello a meta,,,False,SuperBuy,False,carne ovi-caprina,2025-02
0536825521520,pesche bianche italia cal. aaa cat. i,,,False,HyperMarket,False,ortofrutta frutta fresca,2025-02
1556114059638,victoria heights merlot 75cl,,75 cl,False,DiscountOra,False,wine cellar | wine  ,2025-02
0306220200307,simmenthal 2 x 215 g,Simmenthal,215 g,False,DiscountOra,True,scatolame carne in gelatina,2025-02
1343994377833,innocent innocent fp tropical juice 900ml,Innocent,900 ml,False,CoopNord,False,chilled fruit juice & smoothie,2025-02
0630589745517,mirtilli rossi,,,False,HyperMarket,False,ortofrutta frutta secca,2025-02
0157496702320,petto di pollo naturissimo fiorucci,,,False,HyperMarket,False,formaggi e salumi salumi freschi,2025-02
0188255496035,conad percorso qualita costine di suino circa 650 g,Conad,650 g,False,CoopNord,True,carne suina,2025-02
0322637578611,salsicc.suino nero piccante madeo,,,False,CoopNord,False,formaggi e salumi salumi confezionati,2025-02
1588927775091,sainsbury's chateau tanunda chard 75cl,,75 cl,False,HyperMarket,True,drinks | wine | red wine,2025-02
0338620840296,hamburger di vitello 2 x 80 g percorso qualita conad,,80 g,False,HyperMarket,False,carne bovina,2025-02
0560625122669,mela shinano gold yello 750g it.ict,,750 g,False,SuperBuy,False,ortofrutta frutta fresca,2025-02
1577790239335,gran castello white 75cl,,75 cl,False,DiscountOra,False,wine cellar | wine,2025-02
1547010992483,carpineto castaldo chianti,,,False,DiscountOra,False,wine,2025-02
1314803416432,percorsi di gusto primia nettare di lampone 200 ml,,200 ml,False,SuperBuy,False,"acqua, bevande, alcolici | succhi di frutta",2025-02
1409117651316,typhoo qt one cup 125gr,,125 g,False,HyperMarket,True,food cupboard groceries | tea | decaf & all classic teas,2025-02
1580887012723,setabianca trebbiano d'abruzzo doc 750 ml,,750 ml,False,CoopNord,True,"acqua, bevande, alcolici | vini",2025-02
0502130912353,albicocche gr.600 valfrutta,,,False,SuperBuy,False,ortofrutta frutta fresca,2025-02
0583437289315,conad percorso qualita mele red delicious italia cal. 70/75 2000 g,Conad,2000 g,False,SuperBuy,True,ortofrutta frutta fresca,2025-02
0949037799267,"conad percorso qualita rosette di cavoli misti bianco, viola, arancione e verde italia 400 g",Conad,400 g,False,HyperMarket,False,ortofrutta verdure,2025-02
0136631090035,scaloppine vitello cpq,,,False,DiscountOra,False,carne bovina,2025-02
0116948326243,cotolette vitello(fesa-girello- spalla),,,False,HyperMarket,False,carne bovina,2025-02
1353154226019,conad mela carota zenzero e limone 250 ml,Conad,250 ml,False,SuperBuy,True,ortofrutta frutta fresca,2025-02
0124076448099,carne di vitello girello,,,False,SuperBuy,False,carne bovina,2025-02
0257781152358,fratelli beretta salamini finocchio 85 g,Fratelli,85 g,False,HyperMarket,False,formaggi e salumi salumi confezionati,2025-02
0378621368675,carne in gelatina conad 6x90g,,90 g,False,CoopNord,True,scatolame carne in gelatina,2025-02
0154466164067,cuore di vitello tkw,,,False,HyperMarket,False,carne bovina,2025-02
0516612775280,pere coscia italia cal.45+ 3x4 ict*,,,False,SuperBuy,False,ortofrutta frutta fresca,2025-02
0174557157218,bocconcini di vitello vitellina,,,False,HyperMarket,False,carne bovina,2025-02
0508590914657,albicocche italia cal. 40 cat. i,,,False,HyperMarket,False,ortofrutta frutta fresca,2025-02
0168294033773,macinato magro di bovino adulto,,,False,HyperMarket,False,carne bovina,2025-02
0548060945773,mele gold trentino s&d 80/85 it.ic,,,False,CoopNord,False,ortofrutta frutta fresca,2025-02
1454549057908,tisana calma colon superfun 18ff 36g l'angelica,,36 g,False,HyperMarket,False,infusi,2025-02
1394199795305,innocent pomegranate magic,Innocent,,False,HyperMarket,False,juices,2025-02
0678892444013,mirtilli spagna secchiello 300g ict,,300 g,False,SuperBuy,True,ortofrutta frutta fresca,2025-02
1393665463667,succo optimum 50% albicocca,,,False,SuperBuy,False,"acqua, bibite e succhi | succhi",2025-02
1327284603494,fragola mela e banana 250 ml conad,,250 ml,False,HyperMarket,True,ortofrutta verdure,2025-02
0317449933171,"salsiccia pollo ""low price"" gr.400",,,False,DiscountOra,False,carne confezionata,2025-02
0169917387366,"fracosta fe.e bovino adulto""locale""",,,False,SuperBuy,False,carne bovina,2025-02
0227795681123,conad mortadella bologna igp spicchio 300 g,Conad,300 g,False,DiscountOra,False,formaggi e salumi salumi confezionati,2025-02
1094130019693,melanzane obl/tonde italia it.ict,,,False,HyperMarket,False,ortofrutta verdure,2025-02
0250453198691,conad freschi & convenienti prosciutto cotto di praga 120 g,Conad,120 g,False,CoopNord,False,formaggi e salumi salumi confezionati,2025-02
0532007828848,pesche bianche italia cal. aa cat. i,,,False,HyperMarket,False,ortofrutta frutta fresca,2025-02
0478137447009,arance navel i  3-4 ita cpq,,,False,CoopNord,False,ortofrutta frutta fresca,2025-02
0116534795629,mezzo agnello 100% calabria cfx2,,,False,SuperBuy,False,carne ovi-caprina,2025-02
0362641738099,simmenthal 6 x 90 g,Simmenthal,90 g,False,DiscountOra,False,scatolame carne in gelatina,2025-02
0277218816371,sapori & dintorni conad prosciutto di parma dop stagionatura minima 18 mesi 0.100 kg,Sapori,0.1 kg,False,DiscountOra,False,formaggi e salumi salumi confezionati,2025-02
0107345783156,"tagliata di bovino adulto ""locale""",,,False,SuperBuy,False,carne bovina,2025-02
0977341445475,cuori di cavolo nero ita  200g,,200 g,False,HyperMarket,False,ortofrutta verdure,2025-02
1568591485287,gato negro sweet moscato,,,False,DiscountOra,False,wine,2025-02
1578005791847,glicine igt,,,False,DiscountOra,False,"vini, birra e liquori | vini",2025-02
0946403458419,sedano verde flowpack italia i categoria,,,False,HyperMarket,False,ortofrutta verdure,2025-02
1518818794860,lunardi soave,,,False,HyperMarket,False,wine cellar | wine,2025-02
1518253494371,chemin des papes gigondas,,,False,DiscountOra,True,wine,2025-02
0916398483299,conad percorso qualita rosette di broccoletti italia 400 g,Conad,400 g,False,HyperMarket,False,ortofrutta verdure,2025-02
0421747451747,conad percorso qualita arance moro italia cal. 9 rete 2 kg,Conad,2 kg,False,SuperBuy,False,ortofrutta frutta fresca,2025-02
1597883588913,19 crimes snoop dog cali red wine 750ml,,750 ml,False,CoopNord,False,wine,2025-02
1062971809382,f&v cetrioli ct i al kg,F&v,,False,HyperMarket,False,ortofrutta verdure,2025-02
0176820220513,arrosticini ovino adulto pf 400g,,400 g,False,CoopNord,False,carne ovi-caprina,2025-02
0144180229987,coniglio lombate .,,,False,SuperBuy,True,carne avicunicola,2025-02
1237355102051,conad verso natura veg vellutata agli asparagi 620 g,Conad,620 g,False,CoopNord,False,ortofrutta verdure,2025-02
1256451432290,bonta di stagione le + buone vellutata agli asparagi 350 g,,350 g,False,SuperBuy,True,ortofrutta verdure,2025-02
1091621912419,"conad percorso qualita zucchino chiaro italia cal. 14/21 0,600 kg",Conad,0.6 kg,False,DiscountOra,False,ortofrutta verdure,2025-02
0945365530979,cicorietta valfrutta bst.500g,,500 g,False,CoopNord,False,ortofrutta verdure,2025-02
1288357480291,conad percorso qualita radicchio e valeriana 150 g,Conad,150 g,False,CoopNord,False,ortofrutta verdure,2025-02
0902430498409,insalata indivia belga belgio gr 500,,,False,SuperBuy,False,ortofrutta verdure,2025-02
0409627138657,arance navel washington italia cal. 3/4 cat. i,,,False,SuperBuy,False,ortofrutta frutta fresca,2025-02
0878729539427,"conad mix croccante semi di zucca, semi di girasole, anacardi, noci, mandorle pelate 250 g",Conad,250 g,False,HyperMarket,False,ortofrutta frutta secca,2025-02
0470678796897,arance valencia cat.i cal.3-4 orig.sudafrica,,,False,CoopNord,False,ortofrutta frutta fresca,2025-02
0169154812259,carne di vitello fettine di coscio,,,False,DiscountOra,True,carne bovina,2025-02
1220305964899,conad verso natura bio zuppa con orzo biologica 300 g,Conad,300 g,True,DiscountOra,False,ortofrutta legumi e cereali,2025-02
1321837044833,almaverde bio polpa di pera 100 g,,100 g,True,SuperBuy,False,ortofrutta frutta fresca,2025-02
1138584880995,colfiorito mix di cereali e legumi decorticati 400 g,Colfiorito,400 g,False,CoopNord,False,ortofrutta legumi e cereali,2025-02
0161763940707,carne macinata di polpa sceltissima di bovino adulto,,,False,HyperMarket,False,carne bovina,2025-02
0434978094960,pompelmi rossi rt.kg.1 turchia icat,,,False,CoopNord,True,ortofrutta frutta fresca,2025-02
0521113890163,susina rossa cat.i cal.50+ orig.italia,,,False,CoopNord,True,ortofrutta frutta fresca,2025-02
1264873454958,nuova terra voglio riscoprire zuppa boscaiola con orzo e funghi porcini 180 g,,180 g,False,CoopNord,False,ortofrutta legumi e cereali,2025-02
0926154523489,asparagi coltivati 420g peru'icat,,420 g,False,DiscountOra,False,ortofrutta verdure,2025-02
0149531069798,fettine di spalla bovino adulto,,,False,SuperBuy,False,carne bovina,2025-02
1206527819618,bonduelle cereallegre riso venere sfizioso 200 g,Bonduelle,200 g,False,SuperBuy,False,ortofrutta verdure,2025-02
0162448818019,"conad percorso qualita allevato senza uso di antibiotici bocconcini di petto di pollo 0,400 kg",Conad,0.4 kg,False,DiscountOra,False,carne avicunicola,2025-02
1296085488995,ceci farro riso piselli 250g p.pron,,250 g,False,SuperBuy,True,ortofrutta legumi e cereali,2025-02
0155734871907,costolette di agnello 12/14 kg,,14 kg,False,CoopNord,False,carne ovi-caprina,2025-02
0204927734131,"salame ""pistacchio"" renzini s.v.",,,False,SuperBuy,False,formaggi e salumi salumi confezionati,2025-02
0152111061602,braciole di vitello (vitellina) s/filett,,,False,SuperBuy,False,carne bovina,2025-02
0990545379682,bietole(coste) orig.italia,,,False,SuperBuy,True,ortofrutta verdure,2025-02
0537432563302,f&v pesca tabacchiera ii scelta al kg,F&v,,False,HyperMarket,True,ortofrutta frutta fresca,2025-02
0432232243056,pompelmi rossi i  5 esp ct.,,,False,HyperMarket,False,ortofrutta frutta fresca,2025-02
1396643595123,sk mango juice 1l,,1 l,False,DiscountOra,True,beverages | juices & ice-teas,2025-02
0274941266275,citterio la merenda prosciutto crudo 30 g,Citterio,30 g,False,HyperMarket,False,formaggi e salumi salumi confezionati,2025-02
0194732033907,sottofiletto di vitello .,,,False,SuperBuy,False,carne bovina,2025-02
0169670212976,petto di pollo a fette maxi halal,,,False,HyperMarket,False,carne avicunicola,2025-02
0233086163315,sapori & dintorni conad carne salada del trentino 0.110 kg,Sapori,0.11 kg,False,CoopNord,False,formaggi e salumi salumi confezionati,2025-02
0529944280931,conad percorso qualita nettarine bianche romagna red italia cal. b 1000 g,Conad,1000 g,False,CoopNord,False,ortofrutta frutta fresca,2025-02
0168968585825,arrosto scelto vitello (vitellina),,,False,SuperBuy,False,carne bovina,2025-02
0117507358563,conad percorso qualita fettine suino coppa s/osso circa 300 g,Conad,300 g,False,SuperBuy,False,carne suina,2025-02
1513397384802,b&g bordeaux  2017 75cl,,75 cl,False,DiscountOra,True,drinks | wine | red wine,2025-02
0113176973155,cosce di coniglio al kg,,,False,CoopNord,False,carne avicunicola,2025-02
1585006025319,grand sud cabarnet sauvignon 1ltr,,,False,CoopNord,True,wine cellar | wine  ,2025-02
0181581202800,"petto di pollo a fette sottili 0,250 kg percorso qualita conad",,0.25 kg,False,SuperBuy,False,carne avicunicola,2025-02
0512653157473,albicocche camp.600g valf.it.i cat,,600 g,False,DiscountOra,True,ortofrutta frutta fresca,2025-02
0468243176033,arance navel cpq cat.i cal.4 orig.italia,,,False,CoopNord,False,ortofrutta frutta fresca,2025-02
0384472271201,aia wudy classico 2 x 250 g,Aia,250 g,False,DiscountOra,False,formaggi e salumi salumi confezionati,2025-02
0143181883235,costine suino confezione risparmio,,,False,SuperBuy,False,carne suina,2025-02
0401725763955,"sapori & idee conad lime brasile 0,300 kg",Sapori,0.3 kg,False,HyperMarket,False,ortofrutta frutta fresca,2025-02
1403343163756,lipton peppermint tea 25 pcs.,,,False,DiscountOra,False,tea,2025-02
1434186136948,tetley super fruits tea immune lemon & ginger x20,,,False,DiscountOra,False,"food cupboard groceries | tea | fruit, herbal, oganic tea & camomile",2025-02
1053160167280,pomodoro ciliegino italia cat. i,,,False,DiscountOra,False,ortofrutta verdure,2025-02
0564984708193,albicocche cat.i cal.40-50 orig.ita,,,False,HyperMarket,False,ortofrutta frutta fresca,2025-02
1365481703267,coldpress golden delicious apple juice 250 ml,,250 ml,False,HyperMarket,False,juices & smoothies,2025-02
1016543278947,"conad verso natura bio pomodoro datterino italia 0,250 kg",Conad,0.25 kg,True,HyperMarket,False,ortofrutta frutta e verdure biologiche,2025-02
0286184980323,conad freschi & convenienti prosciutto crudo stagionato 100 g,Conad,100 g,False,CoopNord,False,formaggi e salumi salumi confezionati,2025-02
0286856403312,pancetta cubetti carbonara negroni,,,False,CoopNord,False,formaggi e salumi salumi confezionati,2025-02
0481464805740,lime mex conad vs.300g,,300 g,False,CoopNord,False,ortofrutta frutta fresca,2025-02
1268827134307,carciofi grigliati riverfrut 230g,,230 g,False,DiscountOra,True,ortofrutta verdure,2025-02
0478818146147,"conad percorso qualita arance moro italia cal. 7 1,5 kg",Conad,1.5 kg,False,SuperBuy,False,ortofrutta frutta fresca,2025-02
1205573365603,cottin tavola ortaggi al vapore tris di cavoli al vapore 250 g,Cottin,250 g,False,CoopNord,False,ortofrutta verdure,2025-02
0798134145387,kiwi giallo cal.23/25 italia icat,,,False,HyperMarket,False,ortofrutta frutta fresca,2025-02
0172804085875,spezzatino bovino adulto .,,,False,HyperMarket,False,carne bovina,2025-02
0173234192756,tagliata di petto di pollo 400 g percorso qualita conad,,400 g,False,CoopNord,False,carne avicunicola,2025-02
0181204881251,costine di suino conf.risparmio,,,False,SuperBuy,False,carne suina,2025-02
0101182619491,"conad percorso qualita allevato senza uso di antibiotici tagliata di petto di pollo 0,400 kg",Conad,0.4 kg,False,SuperBuy,False,carne avicunicola,2025-02
0649920554530,"""fragole""""i""""22+ ita cs 250g""",,250 g,False,SuperBuy,True,ortofrutta frutta fresca,2025-02
0569359066209,albicocche sicilia gr 500 italia i categoria,,,False,SuperBuy,False,ortofrutta frutta fresca,2025-02
0106968313712,polpa scelta macinata di vitello (vitellina),,,False,DiscountOra,True,carne bovina,2025-02
0556180946787,"conad verso natura bio nettarine gialle bio italia cal. a 0,750 kg",Conad,0.75 kg,True,CoopNord,False,ortofrutta frutta fresca,2025-02
1570837725808,pjazza regina valetta rose 750 ml,,750 ml,False,SuperBuy,True,wine,2025-02
0293026312802,bresaola manzo igp sap.&dint.t.away,,,False,DiscountOra,False,formaggi e salumi salumi confezionati,2025-02
0266777923427,conad mortadella bologna igp,Conad,,False,HyperMarket,True,formaggi e salumi salumi freschi,2025-02
0321887955315,salsiccia di suino alla pizzaiola,,,False,CoopNord,True,carne suina,2025-02
0562769845345,albicoccche cat.i cal.35-45 orig.sud africa,,,False,SuperBuy,False,ortofrutta frutta fresca,2025-02
0165419071329,agnello locale,,,False,SuperBuy,False,carne ovi-caprina,2025-02
1556200962403,cavit muller thurgau doc 750 ml,,750 ml,False,CoopNord,True,"acqua, bevande, alcolici | vini",2025-02
0769097524853,uva rossa red globe cat.i cal.100 orig.peru,,,False,SuperBuy,False,ortofrutta frutta fresca,2025-02
0297349601651,salame napoli take away,,,False,SuperBuy,False,formaggi e salumi salumi confezionati,2025-02
0825255178083,conad arachidi 250 g,Conad,250 g,False,CoopNord,False,ortofrutta frutta secca,2025-02
0940973994339,carciofi violetti orig.italia i cat,,,False,SuperBuy,False,ortofrutta verdure,2025-02
0593300154739,"sapori & dintorni conad mele renetta canada italia d.o.p. mela val di non cal. i 80/85 0,750 kg",Sapori,0.75 kg,False,HyperMarket,True,ortofrutta frutta fresca,2025-02
0183727988579,costoletta di agnello confezionate,,,False,CoopNord,False,carne ovi-caprina,2025-02
1359216476531,simpl succo arancia rosso,,,False,DiscountOra,True,juices,2025-02
0599805332845,mele nicoter kanzi italia cal. 75/80 cat. i vassoio 750g,,750 g,False,SuperBuy,False,ortofrutta frutta fresca,2025-02
1527892491369,il rocchin gavi di gavi,Il,,False,CoopNord,False,wine,2025-02
0147427412322,biancostato vitello .,,,False,SuperBuy,False,carne bovina,2025-02
1499947208801,ahmad peach & passion fruit  flav. tea x20,,,False,HyperMarket,False,"food cupboard groceries | tea | fruit, herbal, oganic tea & camomile",2025-02
1298065773934,nuova terra voglio riscoprire zuppa con fagioli rossi 160 g,,160 g,False,CoopNord,True,ortofrutta legumi e cereali,2025-02
0457731787361,"arance valencia kg 1,5 conad pq",,,False,SuperBuy,True,ortofrutta frutta fresca,2025-02
0355521716595,simmenthal 140 g,Simmenthal,140 g,False,CoopNord,False,scatolame carne in gelatina,2025-02
0272457838963,salame contadino pistacchio,,,False,DiscountOra,False,formaggi e salumi salumi confezionati,2025-02
0438644981104,percorso qualita arance tarocco italia cal. 5 cat. i conad,Percorso,,False,CoopNord,False,ortofrutta frutta fresca,2025-02
1223177594738,rolle' farcito di vitello,,,False,DiscountOra,False,carne bovina,2025-02
0823441888630,ventura bbmix benessere 150 g,,150 g,False,CoopNord,False,ortofrutta frutta secca,2025-02
0329648222563,carne di bovino in gelatina 6 x 90 g conad,,90 g,False,CoopNord,False,scatolame carne in gelatina,2025-02
1277023256419,conad verso natura bio insalatina biologica 80 g,Conad,80 g,True,HyperMarket,False,ortofrutta frutta e verdure biologiche,2025-02
0515483340144,pesche gialle b ces.ap.3x4 spa.ict,,,False,SuperBuy,False,ortofrutta frutta fresca,2025-02
1402163946096,"primia the con infuso di pesca 1,5 lt",Primia,1.5 l,False,HyperMarket,False,"acqua, bevande, alcolici | bevande analcoliche",2025-02
0835549281651,"semi di girasole, mandorle, goji e mirtilli 40 g conad",,40 g,False,CoopNord,False,ortofrutta frutta secca,2025-02
0939702780259,cic.witloof i 9-17 fra/bel/ndl 500g,,500 g,False,SuperBuy,False,ortofrutta verdure,2025-02
0264582734192,pancetta tesa tranci valtiberino,,,False,HyperMarket,False,formaggi e salumi salumi confezionati,2025-02
1219915829603,carrefour salmon fillets 190 190g,Carrefour,190 g,False,DiscountOra,False,tins cans & packets,2025-02
1379226853425,100% succo tropicale,,,False,DiscountOra,True,"acqua, bibite e succhi | succhi",2025-02
0935473580322,"""indivia scarola""""i"""" conf.350g""",,350 g,False,HyperMarket,False,ortofrutta verdure,2025-02
1536352646519,western cape cape heights merlot,,,False,SuperBuy,False,wine,2025-02
0946516431218,radicchio pan di zucchero italia cat. i,,,False,HyperMarket,False,ortofrutta verdure,2025-02
0540591856737,albicocche italia cal.50+i cat.,,,False,HyperMarket,False,ortofrutta frutta fresca,2025-02
0431600430179,clementine igp cal.2 kg.1 s&d it.ic,,2 kg,False,SuperBuy,False,ortofrutta frutta fresca,2025-02
0503843728481,albicocche italia,,,False,CoopNord,False,ortofrutta frutta fresca,2025-02
1352297679203,carrefour squeezed blond oranges,Carrefour,,False,HyperMarket,False,juices,2025-02
0150229749602,bocconcini di petto di tacchino,,,False,HyperMarket,True,carne avicunicola,2025-02
0510720335213,mele golden melinda calibro 75 80 italia i categoria,,,False,CoopNord,False,ortofrutta frutta fresca,2025-02
0126074529635,conad percorso qualita coscia di coniglio,Conad,,False,HyperMarket,False,carne avicunicola,2025-02
1029204520803,"conad verso natura bio zucchine bio italia cal. 14-21 cm 0,700 kg",Conad,0.7 kg,True,HyperMarket,True,ortofrutta verdure,2025-02
1574764495219,sant orsola spumante ice 11% 750ml,,750 ml,False,DiscountOra,False,wine,2025-02
0234527984230,fratelli beretta guanciale a cubetti 100 g,Fratelli,100 g,False,HyperMarket,False,formaggi e salumi salumi confezionati,2025-02
0534141003123,susina nera felisio cat. cal. 45+ orig.italia,,,False,CoopNord,True,ortofrutta frutta fresca,2025-02
0565352236397,mela renetta melinda 80/85 s&d gr 750  italia i,,,False,HyperMarket,False,ortofrutta frutta fresca,2025-02
0164128371053,"masina sapore salute filetto equino 0,250 kg",,0.25 kg,False,SuperBuy,False,carne altre specie,2025-02
0952096458102,verza cappuccia italia i cat,,,False,HyperMarket,False,ortofrutta verdure,2025-02
1554640420202,just 0 non alcoholic white wine 75cl,,75 cl,False,SuperBuy,False,drinks | wine | non-alcoholic wines,2025-02
1423883416948,tetley super fruits tea immune peach & orange EUR1 off 20pcs.,,,False,HyperMarket,False,tea,2025-02
0136671663987,sottofiletto bovino adulto .,,,False,HyperMarket,False,carne bovina,2025-02
0125066845552,"petto di pollo a fette 0,250 kg percorso qualita conad",,0.25 kg,False,DiscountOra,False,carne avicunicola,2025-02
0526832696944,p.williams verdi 65/70 sud.afr.i ct,,,False,HyperMarket,False,ortofrutta frutta fresca,2025-02
1531051932272,pro scic spumante brut bianco 75cl,,75 cl,False,DiscountOra,False,drinks | wine | champagne & sparkling wine,2025-02
0440866898291,sapori e dintorni arance tarocco sicilia igp italia cal. 5 cat. i,Sapori,,False,HyperMarket,False,ortofrutta frutta fresca,2025-02
0348269070691,carne simmenthal gr.70x3,,,False,DiscountOra,False,scatolame carne in gelatina,2025-02
1267183315312,patate cotta vapore tura 250g,,250 g,False,SuperBuy,True,ortofrutta verdure,2025-02
0142798169955,conad percorso qualita coniglio meta circa 800 g,Conad,800 g,False,DiscountOra,False,carne avicunicola,2025-02
0990099018083,carciofi madrigal italia i cat,,,False,DiscountOra,False,ortofrutta verdure,2025-02
0104787854451,straccetti bovino adulto scottona,,,False,DiscountOra,False,carne bovina,2025-02
0122619608429,mezzena intera di suino,,,False,SuperBuy,False,carne suina,2025-02
0250353400176,pancetta affumicata salumificio trentino,,,False,SuperBuy,False,formaggi e salumi salumi stagionati,2025-02
0936553572195,conad percorso qualita lattuga iceberg italia 400 g,Conad,400 g,False,DiscountOra,False,ortofrutta verdure,2025-02
1590841711987,sensi chianti docg in fiasco,,,False,DiscountOra,False,"acqua, bevande, alcolici | vini",2025-02
0582822801779,sapori & dintorni conad susine di vignola miste suplum 44 / afrodite italia cal. 50/60 650 g,Sapori,650 g,False,SuperBuy,True,ortofrutta frutta fresca,2025-02
0554711895408,pesche bianche i  aa esp,,,False,SuperBuy,True,ortofrutta frutta fresca,2025-02
0461310848867,"conad percorso qualita arance valencia sud africa cal. 8 rete 1,5 kg",Conad,1.5 kg,False,CoopNord,False,ortofrutta frutta fresca,2025-02
0342600008304,preparato a base carne per salsicce,,,False,DiscountOra,False,carne suina,2025-02
1220559445858,"bonduelle be!bio mix sfizioso lattughino verde e rosso, carote 100 g",Bonduelle,100 g,True,SuperBuy,True,ortofrutta verdure,2025-02
0818645985134,"noberasco EUR 0,99 arachidi cotte al forno 100 g",Noberasco,100 g,False,CoopNord,False,ortofrutta frutta e vegetali secchi,2025-02
1208505866083,conad patate cotte a vapore 500 g,Conad,500 g,False,HyperMarket,True,ortofrutta verdure,2025-02
0360913331566,negroni salsiccia in cubetti 120 g,,120 g,False,CoopNord,False,formaggi e salumi salumi confezionati,2025-02
1280991107426,bis patate e fagiolini cot.vap.250g,,250 g,False,HyperMarket,True,ortofrutta verdure,2025-02
1043433843490,"""ciliegia""""i""""ita cpq 500g (ciliegino)""",,500 g,False,SuperBuy,False,ortofrutta verdure,2025-02
0869596471664,pistacchi tostati e salati 150 g conad,,150 g,False,CoopNord,False,ortofrutta frutta secca,2025-02
1538951876460,louis jadot  gevrey- chambertin,,,False,HyperMarket,False,wine,2025-02
0894269776237,"mix uva sultanina, mandorle, nocciole e noci g 150 verso natura bio conad",,,True,CoopNord,False,ortofrutta frutta e verdure biologiche,2025-02
0576301418339,conad percorso qualita pere williams italia cal. 70/75 750 g,Conad,750 g,False,DiscountOra,False,ortofrutta frutta fresca,2025-02
1563390425456,passito liquoroso pantelleria doc,,,False,DiscountOra,False,"vini, birra e liquori | vini",2025-02
0505582333296,pere conference 65/70 olanda icat,,,False,HyperMarket,False,ortofrutta frutta fresca,2025-02
1094108423533,melanzane striate 850g (vassoio),,850 g,False,HyperMarket,False,ortofrutta verdure,2025-02
0600991779430,fragole umbria 350g x12 pz it.i cat,,350 g,False,HyperMarket,False,ortofrutta frutta fresca,2025-02
0363816371553,"amadori polpettine 0,240 kg",Amadori,0.24 kg,False,DiscountOra,False,carne avicunicola,2025-02
0839690383214,nocciole tostate e pelate 30 g,,30 g,False,HyperMarket,False,ortofrutta frutta secca,2025-02
1569124927079,g.h.mumm champagne brut cordon rouge,,,False,DiscountOra,True,"acqua, bevande, alcolici | spumanti e champagne",2025-02
0219725474163,salame milano vasc.fres.&conv.conad,,,False,DiscountOra,False,formaggi e salumi salumi confezionati,2025-02
0486564230512,"percorso qualita arance navel italia cal. 8 cat. i rete 2,5kg conad",Percorso,2.5 kg,False,DiscountOra,False,ortofrutta frutta fresca,2025-02
1020055332720,pomodoro grappolo cat.i cal.n.cal.orig.spagna,,,False,DiscountOra,False,ortofrutta verdure,2025-02
1065458748771,cetrioli italia i cat.,,,False,HyperMarket,False,ortofrutta verdure,2025-02
0127782670946,braciola di collo con osso suino,,,False,DiscountOra,False,carne suina,2025-02
1570177154413,medina zibibbo vermentino,,,False,DiscountOra,False,wine,2025-02
1130011594595,colfiorito fave spezzate decorticate 350 g,Colfiorito,350 g,False,CoopNord,False,ortofrutta legumi e cereali,2025-02
0135813737840,petto di pollo a fette confezione risparmio,,,False,HyperMarket,False,carne avicunicola,2025-02
0316764694881,aia wudy grill 250 g,Aia,250 g,False,DiscountOra,False,formaggi e salumi salumi confezionati,2025-02
1557338413426,ribolla gialla friuli doc,,,False,DiscountOra,False,"vini, birra e liquori | vini",2025-02
0155654971747,capra in parti,,,False,CoopNord,False,carne ovi-caprina,2025-02
0192612773731,"conad percorso qualita bocconcini di coniglio 0,320 kg",Conad,0.32 kg,False,HyperMarket,False,carne avicunicola,2025-02
0120998926194,"rovagnati snello petto di pollo al forno 100,0 g",,100 g,False,HyperMarket,False,formaggi e salumi salumi confezionati,2025-02
0846997422448,"pistacchi, cranberries, noci brasile e noci 40 g conad",,40 g,False,SuperBuy,False,ortofrutta frutta secca,2025-02
0525851329904,pesche gialle cal.a conad p.q.it.ic,,,False,SuperBuy,True,ortofrutta frutta fresca,2025-02
0459923030380,limone costa d'amalfi i.g.p. primofiore italia cal. 5 500 g sapori & dintorni conad,,500 g,False,DiscountOra,False,ortofrutta frutta fresca,2025-02
1536720751972,dumi pecorino colli pescaresi 75ml,,75 ml,False,DiscountOra,True,wine,2025-02
0337695799651,casa modena teneroni mozzarella 150 g,Casa,150 g,False,SuperBuy,False,formaggi e salumi salumi confezionati,2025-02
1567720077411,chianti docg,,,False,DiscountOra,False,"vini, birra e liquori | vini",2025-02
0591685066093,mele pinkids 70/75 vassoio gr 840 italia i categoria,,,False,HyperMarket,True,ortofrutta frutta fresca,2025-02
1433711948899,clipper organic english breakfast tea 20 pcs.,,,True,DiscountOra,False,tea,2025-02
1102882662243,conad ceci 400 g,Conad,400 g,False,SuperBuy,False,ortofrutta legumi e cereali,2025-02
1555025047915,katlenburger johannisbeerwein blackcurrant wine,,,False,DiscountOra,False,wine,2025-02
0910768177522,radicchio rosso lungo orig.italia,,,False,HyperMarket,False,ortofrutta verdure,2025-02
0549782087021,"mele red melinda bio 65/75 kg.1,2 italia ii categoria",,,True,SuperBuy,False,ortofrutta frutta e verdure biologiche,2025-02
0735267323245,melone giallo  i  brasile,,,False,DiscountOra,False,ortofrutta frutta fresca,2025-02
0974552160626,radicchio variegato orig.italia  cpr,,,False,SuperBuy,False,ortofrutta verdure,2025-02
0508818195824,pere decana ceralacca 75/80 it.icat,,,False,CoopNord,False,ortofrutta frutta fresca,2025-02
1046334750576,pomodoro ciliegino valfrutta italia i categoria gr 400,,,False,DiscountOra,False,ortofrutta verdure,2025-02
0439055931235,conad percorso qualita arance tarocco italia cal. 8 3 kg,Conad,3 kg,False,CoopNord,False,ortofrutta frutta fresca,2025-02
0542186182000,pere angelys 70/75 700g 4fr.it ict,,700 g,False,HyperMarket,True,ortofrutta frutta fresca,2025-02
1551909063011,cavicchioli lambrusco secco di modena doc,,,False,HyperMarket,False,"acqua, bevande, alcolici | vini",2025-02
1167974963571,sapori & dintorni conad lenticchie dell'altopiano di colfiorito 300 g,Sapori,300 g,False,HyperMarket,False,ortofrutta legumi e cereali,2025-02
0154172977008,polpa di sottospalla vitello per arrosto,,,False,CoopNord,False,carne bovina,2025-02
1362416977523,snapple snappy apple 473ml,,473 ml,False,DiscountOra,False,drinks | smoothies & juice drinks | chilled smoothies & ice coffee,2025-02
0301185274227,sapori & dintorni conad servelade 2 pezzi 200 g,Sapori,200 g,False,SuperBuy,False,formaggi e salumi salumi confezionati,2025-02
0248052181363,salame felino tronchetto boschi .,,,False,HyperMarket,False,formaggi e salumi salumi stagionati,2025-02
0884035614574,"noberasco EUR 0,99 pistacchio tostato salato 40 g",Noberasco,40 g,False,SuperBuy,True,ortofrutta frutta e vegetali secchi,2025-02
0481358580321,arance vaniglia italia cal. 6 cat. i 1 kg,,1 kg,False,SuperBuy,False,ortofrutta frutta fresca,2025-02
1501760288621,moet & chandon moet & chandon champagne,,,False,SuperBuy,False,wine,2025-02
0966874949986,bietoline erbette italia cat. i,,,False,HyperMarket,False,ortofrutta verdure,2025-02
1503109544307,san paolo marsala,San,,False,DiscountOra,True,wine,2025-02
0759675305589,uva bianca senza semi conad percorso qualita specialita selezionata italia,,,False,DiscountOra,False,ortofrutta frutta fresca,2025-02
0135878737764,doppione e spuntatura bovino adulto per griglia(taglio tipo asado),,,False,DiscountOra,False,carne bovina,2025-02
0238890082147,conad prosciutto cotto di alta qualita nazionale circa 9 kg,Conad,9 kg,False,HyperMarket,False,formaggi e salumi salumi freschi,2025-02
0495663817068,limoni igp siracusa or.italia i cat,,,False,SuperBuy,False,ortofrutta frutta fresca,2025-02
0308699881315,conad carne di bovino in gelatina 3 x 90 g,Conad,90 g,False,SuperBuy,False,scatolame carne in gelatina,2025-02
1041473424749,melanzane viola striate italia i categoria,,,False,DiscountOra,True,ortofrutta verdure,2025-02
0512416218209,albicocche bio italia ii categoria gr 500,,,True,SuperBuy,False,ortofrutta frutta secca,2025-02
0256359752048,pancetta dolce cubetti 2 x 100 g conad,,100 g,False,HyperMarket,False,formaggi e salumi salumi confezionati,2025-02
9900000000001,Fresh Ribeye Steak Angus 300g,,300 g,False,SuperBuy,False,carne bovina,2025-03
9900000000002,Organic Free-Range Chicken Fillets 500g,,500 g,True,CoopNord,False,carne avicunicola,2025-03
9900000000003,Smoked Streaky Bacon 200g,,200 g,False,HyperMarket,False,carne suina,2025-03
9900000000004,Salami Felino PGI 250g,,250 g,False,SuperBuy,False,formaggi e salumi salumi confezionati,2025-03
9900000000005,Vienna Sausages in Brine 400g,,400 g,False,DiscountOra,True,scatolame carne in gelatina,2025-03
9900000000006,Blood Pudding Traditional 180g,,180 g,False,CoopNord,False,carne suina,2025-03
9900000000007,Sicilian Oranges 1kg Bag,,1 kg,False,SuperBuy,False,ortofrutta frutta fresca,2025-03
9900000000008,Lemon Juice Not From Concentrate 250ml,,250 ml,False,HyperMarket,False,juices,2025-03
9900000000009,Pink Grapefruit Pack of 4,,,False,DiscountOra,True,ortofrutta frutta fresca,2025-03
9900000000010,Golden Delicious Apples 1kg,,1 kg,False,CoopNord,False,ortofrutta frutta fresca,2025-03
9900000000011,Apricots Pescatore 500g,,500 g,False,SuperBuy,False,ortofrutta frutta fresca,2025-03
9900000000012,Wild Blueberries 250g,,250 g,False,HyperMarket,True,ortofrutta frutta fresca,2025-03
9900000000013,Pomegranate Each,,,False,DiscountOra,False,ortofrutta frutta fresca,2025-03
9900000000014,Cherry Tomato Passata 700ml,,700 ml,False,CoopNord,False,ortofrutta verdure,2025-03
9900000000015,Organic Rainbow Chard 200g,,200 g,True,SuperBuy,False,ortofrutta verdure,2025-03
9900000000016,Green Lentils du Puy 500g,,500 g,False,HyperMarket,False,ortofrutta legumi e cereali,2025-03
9900000000017,Borlotti Beans Canned 400g,,400 g,False,DiscountOra,False,tins cans & packets,2025-03
9900000000018,Truffle Tagliatelle Ready Meal 350g,,350 g,False,CoopNord,True,tins cans & packets,2025-03
9900000000019,Grilled Zucchini Ready Salad 250g,,250 g,False,SuperBuy,False,ortofrutta verdure,2025-03
9900000000020,Earl Grey Tea 50 Teabags,,,False,HyperMarket,False,"zucchero, caffe', te', infusi | te'",2025-03
9900000000021,Chamomile and Lemon Infusion 20 Bags,,,False,DiscountOra,False,"zucchero, caffe', te', infusi | te'",2025-03
9900000000022,Primitivo di Manduria DOC 75cl,,75 cl,False,CoopNord,True,wine,2025-03
9900000000023,Vermentino di Sardegna 2023 750ml,,750 ml,False,SuperBuy,False,"vini, birra e liquori | vini",2025-03
9900000000024,Rainforest Smoothie Mango 330ml,,330 ml,False,HyperMarket,False,juices & smoothies,2025-03
9900000000025,Taurus Boost Energy Drink 500ml,,500 ml,False,DiscountOra,True,soft drinks,2025-03
